task,source_index,post_id,fold
task_a,20,1507339754519405,1
task_a,31,1503973651522682,5
task_a,42,1658154852324212,1
task_a,44,1656353952504302,4
task_a,47,1574861954642486,1
task_a,59,1118295486994448,1
task_a,69,1276644331311829,3
task_a,70,1270961045213491,5
task_a,74,1648342393305458,1
task_a,80,1493395239247190,3
task_a,101,1246821034294159,1
task_a,105,1350225270442947,4
task_a,120,1540555238073158,2
task_a,129,1233764902266439,5
task_a,141,1611290233677341,4
task_a,152,1318265900305551,1
task_a,230,1464330978820283,2
task_a,231,1462093672377347,5
task_a,237,969055691918429,4
task_a,243,1473215211473828,4
task_a,273,938086005015398,3
task_a,300,1042929017839242,2
task_a,308,1518699882936377,2
task_a,323,1099153902394207,5
task_a,363,1076432921332972,2
task_a,369,1429822572271124,4
task_a,383,1427134885873226,5
task_a,392,1480957663377266,4
task_a,415,1056584346651163,1
task_a,422,1413160790603969,5
task_a,428,886448770179122,3
task_a,451,1408664907720224,5
task_a,456,876202711178541,5
task_a,477,1402770584976323,2
task_a,497,1371628728299144,4
task_a,514,1389650846288297,4
task_a,516,1357032026425481,3
task_a,531,861836539307012,5
task_a,532,1355229429939074,3
task_a,535,1387743396032027,4
task_a,538,1383391509800549,3
task_a,547,1369219444551089,3
task_a,549,839375411527938,3
task_a,562,1337865905008760,4
task_a,563,1364851978321169,4
task_a,567,1382148820371833,2
task_a,576,983369323972666,2
task_a,578,978710907771841,4
task_a,587,1347835776689456,4
task_a,589,962554629387469,3
task_a,594,831036789028467,3
task_a,600,950994767210122,3
task_a,602,1319332706862080,1
task_a,612,1370372778216104,4
task_a,614,1344962786976755,4
task_a,626,1339590740847293,3
task_a,631,1306237764838241,4
task_a,634,1368513978401984,1
task_a,645,1334357388037295,3
task_a,661,1293526706109347,5
task_a,667,1360941972492518,5
task_a,679,1270580568403961,4
task_a,696,1265453195583365,1
task_a,708,1348707383715977,1
task_a,711,798034185687248,1
task_a,714,1258856406243044,3
task_a,746,1239785894816762,5
task_a,748,727264062739074,1
task_a,762,899765945666338,3
task_a,766,1280240110115690,1
task_a,774,897609775881955,1
task_a,781,1271324764340558,5
task_a,783,715773620554785,3
task_a,800,1339988904587825,1
task_a,808,883498197293113,4
task_a,820,883468623962737,4
task_a,831,1249863363153365,1
task_a,835,1205967618198590,5
task_a,836,865006189142314,5
task_a,842,707872768036724,2
task_a,848,1331580245428691,2
task_a,852,840058001637133,1
task_a,863,834099715566295,3
task_a,872,1182733863855299,3
task_a,893,1228968171909551,2
task_a,894,695689915921676,2
task_a,899,1221718339301201,3
task_a,902,660096416122506,1
task_a,904,1150694767059209,5
task_a,911,819150087061258,3
task_a,955,794525476190386,5
task_a,957,786292240347043,5
task_a,962,1205797504226618,3
task_a,965,679288037561864,5
task_a,968,1293104359276280,4
task_a,984,675612051262796,5
task_a,986,674340204723314,2
task_a,995,671073958383272,2
task_a,1005,769242782051989,1
task_a,1013,1189079299231772,1
task_a,1024,759859569656977,4
task_a,1026,1285751040011612,5
task_a,1031,1115260540602632,3
task_a,1032,1114855213976498,4
task_a,1054,1180695863403449,3
task_a,1066,1110953994366620,1
task_a,1077,1177484077057961,1
task_a,1081,649328757224459,1
task_a,1087,1272814204638629,1
task_a,1092,719209590388642,1
task_a,1145,1259452545974795,4
task_a,1159,10160919330114268,1
task_a,1176,670236521952616,5
task_a,1181,452772020188281,1
task_a,1210,10160859989469268,1
task_a,1214,1093277725478597,1
task_a,1275,420021876796629,1
task_a,1301,400249368773880,2
task_a,1315,1230154712237912,1
task_a,1318,10160789741214268,2
task_a,1331,1011153090357728,2
task_a,1347,1223733622880021,4
task_a,1354,531023052540631,2
task_a,1356,363842379081246,3
task_a,1370,999865425475478,3
task_a,1375,992491932223844,5
task_a,1379,1212836663969717,4
task_a,1380,1211230497463667,3
task_a,1388,1210477310872319,2
task_a,1470,978860867575934,2
task_a,1471,978151444313543,1
task_a,1484,973840831411271,2
task_a,1486,380989804210624,3
task_a,1487,377701624539442,2
task_a,1488,368172565492348,3
task_a,1502,1185656150021102,1
task_a,1566,1168558661730851,3
task_a,1574,1163044998948884,5
task_a,1590,264149229050562,4
task_a,1632,683833033089737,4
task_a,1645,1151460510107333,4
task_a,1646,1151314140121970,5
task_a,1660,251131327196473,3
task_a,1661,243906117918994,2
task_a,1664,10160402524304268,4
task_a,1671,225034692962016,2
task_a,1693,210811714384314,3
task_a,1695,209441524521333,4
task_a,1709,1133257811927603,3
task_a,1713,205746101557542,4
task_a,1754,1119220209998030,3
task_a,1795,2775791369400901,4
task_a,1805,2755412328105472,5
task_a,1807,1223305148096224,2
task_a,1818,1102566771663374,1
task_a,1824,896463259149029,2
task_a,1849,10160309974819268,3
task_a,1856,2730946287218743,1
task_a,1879,10160300092269268,4
task_a,1898,2705368656443173,2
task_a,1910,2703427166637322,2
task_a,1924,1145824289177644,4
task_a,1941,2697163200597052,2
task_a,1949,10160267893204268,5
task_a,1972,2693123481001024,1
task_a,1973,1126044097822330,1
task_a,1974,840212414774114,3
task_a,2009,1055949156325136,5
task_a,2031,2677259775920728,3
task_a,2036,10159426078271714,4
task_a,2039,10159436680441714,4
task_a,2042,10160236569889268,2
task_a,2046,1050940320159353,5
task_a,2061,1049853163601402,3
task_a,2076,10159429718871714,2
task_a,2077,1046730947246957,4
task_a,2081,10160225721724268,1
task_a,2091,10160224409604268,1
task_a,2092,10160222871474268,1
task_a,2123,5059728594049499,1
task_a,2139,1036837504902968,5
task_a,2147,992558124504262,2
task_a,2148,5017715378250821,4
task_a,2153,1034550658464986,3
task_a,2157,2620134451633261,2
task_a,2187,10159280951291714,4
task_a,2196,10160121040174268,2
task_a,2197,10159280944271714,4
task_a,2206,4900487319973628,3
task_a,2261,10159242106491714,5
task_a,2267,2597778287202211,5
task_a,2271,10160021951109268,3
task_a,2291,909008296192579,4
task_a,2298,10159233909126714,4
task_a,2300,10159230229336714,5
task_a,2303,903938990032843,5
task_a,2304,1004613181458734,3
task_a,2311,10159226792046714,4
task_a,2319,1000413988545320,5
task_a,2336,876508132775929,5
task_a,2345,995169035736482,4
task_a,2349,10159981541074268,3
task_a,2356,871458646614211,3
task_a,2358,2553090135004360,3
task_a,2368,870125773414165,2
task_a,2373,10159199598281714,4
task_a,2379,990152346238151,5
task_a,2436,4314655615223471,2
task_a,2439,976537310932988,2
task_a,2441,836001193493290,4
task_a,2461,4253545031334530,1
task_a,2491,964406422146077,4
task_a,2499,4192402907448743,1
task_a,2503,10159125307666714,3
task_a,2510,959873242599395,5
task_a,2520,10159786877829268,1
task_a,2528,956179189635467,3
task_a,2533,4110697035619331,4
task_a,2545,4103734122982289,3
task_a,2548,10159741726999268,4
task_a,2560,10159695935094268,2
task_a,2567,2470231973290177,4
task_a,2568,4064128370276198,1
task_a,2578,4041244725897896,3
task_a,2581,2455103904802984,2
task_a,2582,10159078304981714,2
task_a,2587,4023376564351379,1
task_a,2594,2452731235040251,4
task_a,2613,2435867936726581,1
task_a,2617,10159043301061714,2
task_a,2644,937892188130834,4
task_a,2657,10159029150666714,4
task_a,2667,935668725019847,2
task_a,2673,10159006480366714,2
task_a,2684,2383547681958607,2
task_a,2686,2378535999126442,3
task_a,2710,2375012196145489,3
task_a,2734,10158968794081714,5
task_a,2738,10159552085704268,1
task_a,2746,925359542717432,2
task_a,2762,924209222832464,3
task_a,2774,10159510418789268,2
task_a,2790,921362219783831,3
task_a,2791,10159471651779268,1
task_a,2794,3579065058782534,3
task_a,2801,921154533137933,5
task_a,2836,3523197037702670,4
task_a,2845,913062280613825,2
task_a,2848,10159417498514268,4
task_a,2891,10158815892056714,2
task_a,2933,902378298348890,3
task_a,2935,2267904933522883,5
task_a,2946,901737111746342,3
task_a,2950,2258637287782981,1
task_a,2957,10158774441566714,5
task_a,2968,10158760093526714,5
task_a,2969,10159246793629268,4
task_a,2981,10159216619509268,3
task_a,2985,3303697296319313,3
task_a,2987,3243561748999535,3
task_a,2993,10159192846894268,3
task_a,3009,3298468320175544,2
task_a,3021,2231076627205714,3
task_a,3026,2229470604032983,4
task_a,3047,10158706071141714,2
task_a,3049,885812173338836,3
task_a,3067,10158703512061714,1
task_a,3075,10159053210829268,1
task_a,3098,10158688124886714,1
task_a,3112,871418261444894,1
task_a,3118,2203754369937940,3
task_a,3124,2198418073804903,5
task_a,3145,869532881633432,1
task_a,3161,869119421674778,3
task_a,3164,10158642098426714,3
task_a,3168,10158965252614268,3
task_a,3211,10158607685746714,1
task_a,3218,2933271950028518,4
task_a,3242,10158863584539268,3
task_a,3246,2145377209108990,3
task_a,3266,2138385473141497,3
task_a,3284,851262990127088,5
task_a,3300,10158557203271714,4
task_a,3312,2111387695841275,1
task_a,3318,10158542118116714,3
task_a,3343,2099492020364176,5
task_a,3348,10158699373209268,1
task_a,3354,2581015335254183,2
task_a,3360,10158482616896714,5
task_a,3365,10158662691764268,1
task_a,3368,2560737150615335,1
task_a,3402,2501542286534822,4
task_a,3408,2084154571897921,5
task_a,3443,10158522531004268,4
task_a,3450,2351912011497851,2
task_a,3453,2072403993072979,1
task_a,3462,821074329812621,5
task_a,3467,10158473958549268,4
task_a,3480,2064238007222911,3
task_a,3487,10158428546619268,4
task_a,3495,2064210553892323,1
task_a,3508,2061645670815478,4
task_a,3509,2058872594426119,4
task_a,3510,10158380139986714,4
task_a,3535,10158379977116714,3
task_a,3573,2043465439300168,4
task_a,3589,804125848174136,1
task_a,3594,10158292682519268,5
task_a,3607,10158286845669268,3
task_a,3634,792773869309334,2
task_a,3665,786439559942765,1
task_a,3666,1407745949247800,4
task_a,3678,785814726671915,1
task_a,3681,10158039795296714,1
task_a,3682,10158006658626714,5
task_a,3688,1338789786143417,2
task_a,3700,1271090072913389,2
task_a,3703,778743920712329,3
task_a,3706,1989628671350512,4
task_a,3715,1981214285525284,5
task_a,3740,1195415660480831,4
task_a,3746,1970694286577284,3
task_a,3752,772827281303993,2
task_a,3758,1968680793445300,4
task_a,3770,1138264509529280,2
task_a,3775,10158211293259268,3
task_a,3792,767048698548518,1
task_a,3796,1961595077487205,2
task_a,3798,10158201989719268,4
task_a,3799,1960716194241760,5
task_a,3803,764995135420541,2
task_a,3822,1085115194844212,3
task_a,3857,10158141973679268,5
task_a,3860,10158133015239268,5
task_a,3865,750618736858181,3
task_a,3872,749334333653288,4
task_a,3893,1561863167634672,3
task_a,3904,10157635825076714,4
task_a,3920,1928216644158382,3
task_a,3925,10158100543034268,2
task_a,3939,1553334538487535,2
task_a,3950,1552700185217637,4
task_a,3952,10157574958211714,3
task_a,3957,1552136601940662,5
task_a,3971,1002267423128990,5
task_a,3998,10157335044851714,5
task_a,4019,10158054270109268,2
task_a,4024,10157231824791714,5
task_a,4042,1544339266053729,1
task_a,4054,10157160503086714,5
task_a,4065,10158045179319268,1
task_a,4088,1532567657230890,2
task_a,4092,1532300670590922,1
task_a,4121,10157041137451714,3
task_a,4130,1526928027794853,1
task_a,4143,1526500987837557,1
task_a,4155,1525441764610146,1
task_a,4181,1522476021573387,3
task_a,4186,1522340934920229,4
task_a,4198,1519679461853043,3
task_a,4306,10156555331446714,3
task_a,4307,10156544999701714,5
task_a,4319,1494372667717056,4
task_a,4342,10157864232599268,2
task_a,4371,1484073645413625,2
task_a,4372,10157809488334268,4
task_a,4385,1481673325653657,5
task_a,4393,1474527889701534,4
task_a,4412,10157764148304268,5
task_a,4415,1465207287300261,2
task_a,4416,1464329577388032,1
task_a,4426,10156118364491714,5
task_a,4432,10156109954316714,4
task_a,4442,10156103889116714,4
task_a,4450,1454162691738054,3
task_a,4451,1451619395325717,3
task_a,4465,1444049436082713,4
task_a,4470,1443912176096439,2
task_a,4471,10157693901374268,5
task_a,4474,1443873332766990,2
task_a,4476,10156060877596714,1
task_a,4477,10156060161331714,2
task_a,4479,1441865056301151,4
task_a,4487,1440809259740064,1
task_a,4498,1438020596685597,5
task_a,4514,1434195933734730,5
task_a,4517,1430297007457956,3
task_a,4518,1428826690938321,1
task_a,4525,10156019247496714,1
task_a,4532,1426797744474549,1
task_a,4538,1425893561231634,2
task_a,4555,1422383828249274,2
task_a,4567,10155886684491714,3
task_a,4594,1404067453414245,3
task_a,4615,10155768618906714,4
task_a,4665,10155686554031714,4
task_a,4666,10155379503401714,3
task_a,4668,1374875256333465,3
task_a,4673,10155379502611714,4
task_a,4698,10157482009919268,4
task_a,4714,10155379341481714,5
task_a,4719,10155379339911714,4
task_a,4754,10157426496109268,5
task_a,4798,10157387724634268,5
task_a,4801,1327209591100032,4
task_a,4803,1325004711320520,3
task_a,4817,10157369910964268,1
task_a,4824,10157367341389268,5
task_a,4836,10157351106294268,4
task_a,4849,10155271477721714,3
task_a,4869,10155249101091714,1
task_a,4870,10155026134806714,1
task_a,4874,1310586219429036,4
task_a,4884,1309064756247849,2
task_a,4891,10157328676019268,5
task_a,4941,10157284952749268,1
task_a,4949,10157279634404268,1
task_a,4962,10154918075966714,4
task_a,4968,1280791529075172,2
task_a,4973,10157255987099268,1
task_a,4996,1268095200344805,4
task_a,4997,1267787093708949,4
task_a,5008,10154777223841714,5
task_a,5013,10154799250746714,5
task_a,5017,1260093914478267,3
task_a,5047,1251488415338817,1
task_a,5054,1243009969519995,3
task_a,5070,1233813377106321,2
task_a,5090,10154510544746714,1
task_a,5107,1221482978339361,1
task_a,5113,10154459035456714,2
task_a,5124,1215497445604581,4
task_a,5131,1212246702596322,4
task_a,5152,1208146219673037,1
task_a,5160,1206295833191409,1
task_a,5164,1205607726593553,5
task_a,5196,1197759310711728,4
task_a,5211,1192468871240772,1
task_a,5215,10157044704499268,4
task_a,5216,10154192765626714,1
task_a,5243,1187629325058060,1
task_a,5258,1182058962281763,4
task_a,5262,1179064019247924,5
task_a,5267,1178391645981828,5
task_a,5277,1176488856172107,4
task_a,5303,10153798790456714,5
task_a,5306,1173357989818527,1
task_a,5307,1173316759822650,3
task_a,5365,1164060370748289,1
task_a,5368,10156909393624268,2
task_a,5370,1160393634448296,4
task_a,5382,1155140801640246,2
task_a,5384,10156898500144268,4
task_a,5390,1153617538459239,3
task_a,5428,1143877719433221,5
task_a,5437,10153150270276714,1
task_a,5446,1141009893053337,4
task_a,5470,10156813955059268,3
task_a,5474,1133234700497523,2
task_a,5494,10153056380001714,2
task_a,5497,10156784798954268,5
task_a,5505,10153054310796714,3
task_a,5519,10153048260351714,4
task_a,5532,10152978854331714,2
task_a,5543,1117878248699835,4
task_a,5554,10152918455841714,4
task_a,5556,1111998275954499,2
task_a,5558,1110305962790397,1
task_a,5594,1100283587125968,4
task_a,5627,10156641885239268,4
task_a,5694,1084652562022404,1
task_a,5703,1082861815534812,3
task_a,5761,1072464479907879,1
task_a,5765,1070590700095257,2
task_a,5772,10156488216884268,1
task_a,5798,1042232606264400,3
task_a,5800,1041863206301340,4
task_a,5813,1033756083778719,4
task_a,5820,1030315787456082,2
task_a,5822,1029446404209687,2
task_a,5849,1022309258256735,1
task_a,5876,1019520525202275,5
task_a,5913,10156349570084268,5
task_a,5925,1009289106225417,2
task_a,5945,1001331937021134,3
task_a,5958,999990383821956,4
task_a,5959,999469650540696,1
task_a,5964,997728954048099,4
task_a,5986,990121464808848,4
task_a,6009,10156259018964268,2
task_a,6027,974945639659764,1
task_a,6034,10156231946279268,3
task_a,6078,953094378511557,3
task_a,6088,949917462162582,2
task_a,6092,10156170326714268,3
task_a,6110,931601797327482,3
task_a,6130,922109568276705,5
task_a,6137,918686718618990,5
task_a,6151,916247468862915,5
task_a,6196,885258895295106,2
task_a,6272,10150888137301714,4
task_a,6310,847686739052322,2
task_a,6358,319921974741617,5
task_a,6401,817425598745103,2
task_a,6412,10155827716504268,2
task_a,6414,814985618989101,1
task_a,6462,806882243132772,1
task_a,6468,805818389905824,3
task_a,6479,798270773993919,2
task_a,6530,790795098074820,3
task_a,6562,783742008780129,3
task_a,6573,782015628952767,2
task_a,6656,757262411428089,5
task_a,6658,756320408188956,5
task_a,6676,750955958725401,2
task_a,6709,434421051713,3
task_a,6721,743802082774122,1
task_a,6804,705960563224941,1
task_a,6806,10155141928964268,3
task_a,6811,702368330250831,2
task_a,6818,697687600718904,5
task_a,6835,688777051609959,3
task_a,6856,676303959523935,1
task_a,6863,669491490205182,4
task_a,6919,635411570279841,2
task_a,6928,627234017764263,5
task_a,7018,553021171852215,3
task_a,7022,548314402322892,5
task_a,7073,518333485320984,5
task_a,7086,511219389365727,2
task_a,7146,486692085151791,2
task_a,7165,476638702823796,3
task_a,7188,465502257270774,2
task_a,7272,334632580357743,4
task_a,7290,305808883240113,4
task_a,7301,10153675246554268,2
task_a,7787,379474605443604,4
task_a,7988,1473250404820210,1
task_a,7998,122272159682089660,4
task_a,8159,1371427335022967,2
task_a,8168,1355876113234146,2
task_a,8191,1337868675034890,4
task_a,8214,1352897016875999,3
task_a,8238,1333651402132350,2
task_a,8247,122242521296089660,3
task_a,8275,1316227670541390,5
task_a,8289,1332757862223248,2
task_a,8290,1331076092391425,1
task_a,8315,1265979398890485,3
task_a,8317,122235760868089660,3
task_a,8345,1281649550665869,3
task_a,8401,1304594225039612,2
task_a,8451,1115455283942898,3
task_a,8464,1277733397725695,1
task_a,8536,1237656378398520,4
task_a,8549,1256685803163788,5
task_a,8567,1253367803495588,3
task_a,8580,1211428424354649,2
task_a,8680,1293598662785386,1
task_a,8681,1291696322975620,1
task_a,8709,1182773153886843,1
task_a,8762,912730060882089,4
task_a,8833,1154559160041576,3
task_a,8902,1220436590101594,4
task_a,8953,122144019686089660,2
task_a,9005,815860270569069,1
task_a,9020,1112718577560512,1
task_a,9046,1089192456579791,5
task_a,9052,1104247471739412,5
task_a,9054,1086185016880535,2
task_a,9062,1104239308406895,5
task_a,9070,794669796021450,5
task_a,9146,1078112201019606,4
task_a,9156,1072403431590483,4
task_a,9173,1182552343915794,3
task_a,9191,1050747233756103,2
task_a,9209,1126509509494303,3
task_a,9260,980489684116736,3
task_a,9265,750377117117385,3
task_a,9267,1020295790134581,3
task_a,9269,979610397537998,2
task_a,9279,747029164118847,1
task_a,9292,971428401689531,3
task_a,9295,747027417452355,2
task_a,9346,989318259899001,5
task_a,9378,1069038658574722,5
task_a,9379,1066329002179021,5
task_a,9394,1064197302392191,3
task_a,9445,706982918123472,2
task_a,9463,933541528811552,3
task_a,9476,705314338290330,2
task_a,9481,924590319706673,1
task_a,9495,1031597702318818,3
task_a,9501,918068227024005,5
task_a,9510,693956389426125,2
task_a,9523,1019696953508893,5
task_a,9565,903100595187435,1
task_a,9597,893925712771590,3
task_a,9606,660077279480703,4
task_a,9660,957972586347997,3
task_a,9704,642754854546279,4
task_a,9706,640470178108080,5
task_a,9731,939062761572313,1
task_a,9743,860246526141053,3
task_a,9744,859476179551421,4
task_a,9780,628978702590561,5
task_a,9796,922334293245160,5
task_a,9855,788439523320210,3
task_a,9866,817740627058310,2
task_a,9918,774020268095469,1
task_a,9928,792192959613077,1
task_a,9964,876133717865218,2
task_a,10006,732887405543633,2
task_a,10008,587343996754032,4
task_a,10025,739958871501609,2
task_a,10058,837663531712237,3
task_a,10164,946977984139899,4
task_a,10230,761678772644047,5
task_a,10245,681323637365133,5
task_a,10253,678659650964865,5
task_a,10268,515569517264814,5
task_a,10273,677659121064918,2
task_a,10290,738949374916987,4
task_a,10308,923514866486211,2
task_a,10315,668175335346630,4
task_a,10319,2612819325524556,4
task_a,10340,721182796693645,3
task_a,10371,2580174572122365,2
task_a,10386,490760199745746,1
task_a,10416,5470902609630329,4
task_a,10450,2506020929537730,1
task_a,10452,5434535793267011,1
task_a,10538,5357066027680655,1
task_a,10579,604215585075939,3
task_a,10586,635594985252427,4
task_a,10590,889340713236960,4
task_a,10604,5309843662402892,1
task_a,10637,592012772962887,1
task_a,10642,5289221251131800,4
task_a,10648,866285285542503,4
task_a,10650,2376823572457467,3
task_a,10659,5270154339705158,3
task_a,10671,586414436856054,5
task_a,10687,605009481644311,3
task_a,10738,5203702446350348,4
task_a,10806,2256061097867049,2
task_a,10890,4960605063993422,1
task_a,10916,518244807006351,3
task_a,10920,2288790941273973,2
task_a,10924,2215839701889189,5
task_a,10937,2276705719149162,4
task_a,10985,488741723289993,4
task_a,11022,2188473264625833,1
task_a,11024,810612041109828,1
task_a,11028,2230784647074603,5
task_a,11048,5497875843622398,4
task_a,11085,2216338761852525,5
task_a,11154,2138693066270520,3
task_a,11217,772405608263805,5
task_a,11224,5302091029867548,5
task_a,11288,763064659197900,4
task_a,11292,2107112136108522,2
task_a,11293,2123573481129054,4
task_a,11335,3365930343460910,1
task_a,11338,5187139344696051,2
task_a,11341,2083682935104867,2
task_a,11344,2107103436109392,2
task_a,11387,3313376578716287,2
task_a,11395,2069162983223529,2
task_a,11433,5058697477540239,2
task_a,11436,2095832857236450,3
task_a,11464,3153403768046903,3
task_a,11467,5009961429080511,2
task_a,11489,2049236841896052,4
task_a,11513,1979023518904143,1
task_a,11521,4965448510198470,5
task_a,11523,3061629217224359,4
task_a,11524,3048261685227779,1
task_a,11546,4947185712024750,5
task_a,11589,1923905941082568,5
task_a,11603,1921676137972215,2
task_a,11619,2014231668729903,5
task_a,11627,2009278745891862,5
task_a,11633,2848568515197098,5
task_a,11644,2819202988133651,1
task_a,11657,1884526848353811,2
task_a,11673,4748963515180305,5
task_a,11674,4745050558904934,2
task_a,11677,2765635943490356,1
task_a,11699,4578063912270267,1
task_a,11710,4678514758891848,2
task_a,11712,2738289616224989,1
task_a,11723,685017333669300,4
task_a,11728,685080960329604,2
task_a,11736,1983547585131645,2
task_a,11753,1980433235443080,3
task_a,11757,680890617415305,2
task_a,11763,1809068549232975,4
task_a,11773,2629206137133338,1
task_a,11776,1979507072202363,3
task_a,11778,1977912535695150,5
task_a,11784,677066031131097,3
task_a,11793,1974735632679507,5
task_a,11794,1799028166903680,2
task_a,11800,2525293867524566,4
task_a,11801,2496853687035251,3
task_a,11804,1784909738315523,4
task_a,11810,673468634824170,3
task_a,11812,1973029772850093,2
task_a,11820,2477616312292322,3
task_a,11823,672125698291797,1
task_a,11846,2468268703227083,1
task_a,11855,1764245627048601,1
task_a,11858,4547531295323529,1
task_a,11859,667125565458477,5
task_a,11866,665705442267156,1
task_a,11875,1957324837753920,3
task_a,11884,4502477263162266,5
task_a,11894,1944559882363749,3
task_a,11898,658797109624656,2
task_a,11902,2391778717542749,3
task_a,11904,1748593415280489,4
task_a,11906,4484705161606143,2
task_a,11911,655816359922731,1
task_a,11974,4440526709357322,2
task_a,11987,1743552659117898,5
task_a,12022,1698145536991944,3
task_a,12023,1627166687423163,1
task_a,12045,4346294602113867,1
task_a,12046,2155611811159442,1
task_a,12084,4290585564351438,2
task_a,12089,6477182855638639,4
task_a,12123,1553680074771825,1
task_a,12132,1940261256027833,1
task_a,12135,4266386163438045,2
task_a,12139,4263771697032825,3
task_a,12140,4262759293800732,4
task_a,12154,4260643934012268,1
task_a,12195,6412861222070803,5
task_a,12196,1734983866555574,4
task_a,12197,1719101861477108,2
task_a,12198,1715852301802064,4
task_a,12207,4185777951498867,1
task_a,12212,4180062085403787,2
task_a,12230,1856858304467241,3
task_a,12236,4159444410798888,4
task_a,12246,4148170731926256,4
task_a,12251,1573207742733188,2
task_a,12271,4129069273836402,2
task_a,12274,1828807377272334,4
task_a,12304,4109004555842874,5
task_a,12309,1470544189666211,3
task_a,12310,1469676736419623,4
task_a,12313,6363696170320642,2
task_a,12323,1826289554190783,5
task_a,12325,1825361627616909,3
task_a,12337,4087282761348387,4
task_a,12340,1822929424526796,5
task_a,12369,1431870146866949,2
task_a,12376,6335975799759346,1
task_a,12378,4052007174875946,5
task_a,12392,4030246247052039,1
task_a,12404,1343695342351097,5
task_a,12411,6288532547837005,4
task_a,12426,6265303720159888,3
task_a,12434,1807460089407063,2
task_a,12449,1421320661341101,2
task_a,12450,1418538271619340,1
task_a,12471,3988602847883046,5
task_a,12476,3980253792051285,1
task_a,12483,1414002705406230,1
task_a,12489,6190754107614850,1
task_a,12494,3961821783894486,5
task_a,12515,6157314430958818,5
task_a,12530,6149049771785284,5
task_a,12551,1048237685230199,5
task_a,12556,3923847701025228,4
task_a,12561,1347264248746743,5
task_a,12578,6120160751340853,1
task_a,12592,3889905961086069,1
task_a,12602,3881750585234940,3
task_a,12606,1765027263650346,1
task_a,12625,1753353068151099,5
task_a,12629,3846946318715367,5
task_a,12630,957888080931827,1
task_a,12645,3840218299388169,1
task_a,12648,3824289390981060,3
task_a,12667,1311090085697493,3
task_a,12695,3787095931367073,4
task_a,12710,904136129640356,5
task_a,12727,3759698594106807,1
task_a,12741,5999935266696736,1
task_a,12749,3723818361028164,2
task_a,12761,3705236209553046,4
task_a,12763,1278805085592660,2
task_a,12764,1275460965927072,3
task_a,12765,1274422829364219,1
task_a,12780,1718509131635493,4
task_a,12788,5971061662917430,4
task_a,12795,5961284903895106,2
task_a,12813,5952492878107642,1
task_a,12825,1712987272187679,3
task_a,12835,5943519475671649,3
task_a,12846,3615175941892407,3
task_a,12848,3595751513834850,5
task_a,12855,5932542550102675,1
task_a,12858,5929641013726162,4
task_a,12863,841252745928695,4
task_a,12866,1706145362871870,4
task_a,12870,3589039694506032,2
task_a,12871,3588903491186319,5
task_a,12874,1212826515523851,5
task_a,12881,837688252951811,4
task_a,12886,5916545428369054,4
task_a,12887,5914625015227762,4
task_a,12890,3563016193775049,2
task_a,12896,5906271292729801,3
task_a,12909,3562904247119577,2
task_a,12924,3555428577867144,4
task_a,12940,807801689273801,1
task_a,12945,1691075504378856,1
task_a,12952,3530478313695504,5
task_a,12961,1679914148828325,4
task_a,12964,3522725447804124,5
task_a,12967,5869007899789474,5
task_a,12972,800293573357946,3
task_a,12977,5863036573719940,4
task_a,12987,3508605592549443,3
task_a,12989,797809066939730,1
task_a,12992,5852350324788565,3
task_a,13002,3503886739687995,2
task_a,13007,5840140602676204,3
task_a,13026,3500630873346915,3
task_a,13027,5827398917283706,5
task_a,13031,3492904094119593,3
task_a,13044,762927697094534,2
task_a,13053,1152596324880204,5
task_a,13057,1653317808154626,1
task_a,13064,1151984714941365,1
task_a,13066,760230770697560,4
task_a,13071,5798918610131737,3
task_a,13082,5793236014033330,5
task_a,13084,3468475069895829,1
task_a,13091,5783474928342772,2
task_a,13098,3463427907067212,2
task_a,13107,3455912747818728,4
task_a,13111,5769235519766713,2
task_a,13112,5763445703679028,2
task_a,13119,1640506859435721,4
task_a,13120,5758092824214316,2
task_a,13132,3444750358934967,5
task_a,13149,1621971527955921,1
task_a,13152,3428048457271824,1
task_a,13161,3415120461897957,4
task_a,13165,1126254047514432,4
task_a,13174,731758363544801,2
task_a,13178,3406947042715299,3
task_a,13182,1615972115222529,3
task_a,13200,3391335960943074,3
task_a,13210,721692107884760,3
task_a,13211,721241387929832,2
task_a,13218,1602221016597639,1
task_a,13224,1117467345059769,3
task_a,13233,3372654446144559,1
task_a,13277,1091024154370755,3
task_a,13293,5615559691800964,5
task_a,13294,5606764039347196,3
task_a,13296,3311491102260894,4
task_a,13297,3311437555599582,2
task_a,13312,1086012404871930,1
task_a,13364,5538694462820821,5
task_a,13413,665743023479669,2
task_a,13415,663850267002278,4
task_a,13419,3247120135364658,1
task_a,13430,663839467003358,4
task_a,13438,3240547489355256,5
task_a,13442,5457806300909638,1
task_a,13444,1520438598109215,3
task_a,13481,645758912144747,4
task_a,13494,643122592408379,1
task_a,13506,640934569293848,5
task_a,13509,5402658493091086,4
task_a,13511,5402654949758107,4
task_a,13540,1045710105568827,4
task_a,13554,5359984150691854,3
task_a,13560,1044607939012377,1
task_a,13585,5341374305886172,5
task_a,13587,1039792142827290,5
task_a,13593,3093410664068940,2
task_a,13603,1035510266588811,4
task_a,13608,3083261898417150,1
task_a,13626,5306424799381123,5
task_a,13642,5304355719588031,4
task_a,13647,10152191190051240,1
task_a,13649,610412125679426,5
task_a,13651,5301670199856583,2
task_a,13658,1027667947373043,3
task_a,13662,1410986255721117,3
task_a,13664,1400263863460023,2
task_a,13669,3038756129534394,2
task_a,13677,1393454087474334,3
task_a,13681,3034244149985592,5
task_a,13684,603104276410211,2
task_a,13689,5285097564847180,1
task_a,13695,5280575868632683,5
task_a,13699,2998677693542238,2
task_a,13734,1382611971891879,5
task_a,13758,2960634520679889,2
task_a,13774,5251442641546006,2
task_a,13780,2946285978781410,4
task_a,13787,1370430489776694,4
task_a,13821,572764959444143,1
task_a,13825,990760821063756,1
task_a,13834,1363490530470690,3
task_a,13838,987630648043440,3
task_a,13844,2913840082026000,4
task_a,13846,1356032144549862,1
task_a,13854,2913782632031745,5
task_a,13864,2895750930501582,5
task_a,13867,5220495064640764,4
task_a,13868,561070340613605,4
task_a,13877,2884003591676316,1
task_a,13887,2877707475639261,2
task_a,13888,2877375692339106,4
task_a,13889,2877066002370075,1
task_a,13890,5210054359018168,3
task_a,13908,5207118832645054,5
task_a,13909,5201518799871724,4
task_a,13919,2854189071324435,4
task_a,13930,5189525387737732,3
task_a,13934,5187476364609301,5
task_a,13965,2836526976423978,2
task_a,13966,2836336613109681,3
task_a,13971,942061515933687,3
task_a,14003,2825948427481833,1
task_a,14005,532549406799032,1
task_a,14009,5161056167251321,5
task_a,14026,910498612423311,3
task_a,14032,1335287849957625,2
task_a,14045,2794338440642832,3
task_a,14059,1330187620467648,2
task_a,14069,502829823104324,1
task_a,14084,5116027258420879,4
task_a,14085,500900123297294,1
task_a,14113,5102037449819860,2
task_a,14118,482407545146552,3
task_a,14120,480000215387285,4
task_a,14147,5070124146344524,1
task_a,14152,843329302473576,2
task_a,14153,10151495450961240,4
task_a,14185,5052818421408430,3
task_a,14186,5052747151415557,4
task_a,14190,2719674941442516,5
task_a,14230,5007104915979781,4
task_a,14235,2682377658505578,2
task_a,14241,816839778455862,2
task_a,14244,2646695928740418,5
task_a,14248,1305475209605556,3
task_a,14253,1304442343042176,4
task_a,14265,5007040452652894,3
task_a,14268,2648451201898224,1
task_a,14283,810239082449265,4
task_a,14287,1298966456923098,5
task_a,14315,2631779320232079,2
task_a,14317,4960033910686882,5
task_a,14320,2620758694667475,4
task_a,14334,4935997486423858,2
task_a,14335,2619105694832775,2
task_a,14342,788631911276649,4
task_a,14346,4926470870709853,2
task_a,14357,1285680868251657,2
task_a,14371,2589562827787062,2
task_a,14373,4899522360071371,1
task_a,14377,2588220021254676,3
task_a,14381,2587893057954039,5
task_a,14383,2587741577969187,5
task_a,14399,4862571073766500,3
task_a,14415,2570631773013501,1
task_a,14431,4833485243341750,4
task_a,14439,4830763103613964,5
task_a,14446,4826559660700975,3
task_a,14496,756299461176561,3
task_a,14507,2510779975665348,1
task_a,14513,744652792341228,3
task_a,14514,749063291900178,3
task_a,14516,2503385089738170,5
task_a,14520,2499371723472840,2
task_a,14529,1240566016096476,3
task_a,14565,4745632412127034,4
task_a,14569,2457696204307059,4
task_a,14583,4737074156316193,3
task_a,14585,1222789401207471,2
task_a,14586,1221254808027597,2
task_a,14589,725767144229793,2
task_a,14602,4727680410588901,1
task_a,14604,4721746344515641,2
task_a,14610,725114047628436,4
task_a,14619,2424193117657368,5
task_a,14628,2420345551375458,5
task_a,14638,2409676815775665,5
task_a,14641,714452778694563,1
task_a,14651,2397692900307390,2
task_a,14654,1208963575923387,1
task_a,14664,2387581081318572,4
task_a,14690,1192934520859626,5
task_a,14697,4674139019276374,2
task_a,14714,2351798514896829,4
task_a,14715,1193759497443795,2
task_a,14730,1188285794657832,4
task_a,14740,2337910776285603,3
task_a,14745,683925131747328,4
task_a,14747,683080188498489,4
task_a,14773,4627612800595663,2
task_a,14781,2315807095162638,4
task_a,14791,1173503702802708,2
task_a,14816,1163895270430218,2
task_a,14822,2287162038027144,2
task_a,14840,4592128484144095,2
task_a,14848,4589674107722866,5
task_a,14876,2254461467963868,3
task_a,14881,2244675092275839,2
task_a,14885,1149029685250110,3
task_a,14894,671123949694113,1
task_a,14902,4565075156849428,2
task_a,14922,2228735323869816,4
task_a,14943,4543008509056093,5
task_a,14956,658357474304094,2
task_a,14967,4523466607676950,4
task_a,14968,4523454914344786,3
task_a,14982,657388571067651,3
task_a,14994,2188287134581302,4
task_a,14995,2188100377933311,1
task_a,15050,2167284253348257,5
task_a,15068,1096279413858471,4
task_a,15084,4480156468674631,5
task_a,15104,628355347304307,4
task_a,15116,1082032521949827,2
task_a,15117,4458417197515225,3
task_a,15125,624196327720209,1
task_a,15126,622864387853403,1
task_a,15132,4458390670851211,2
task_a,15147,1073931439426602,2
task_a,15178,2117844554958894,1
task_a,15207,4420845724605706,1
task_a,15218,4418006124889666,4
task_a,15247,2082901108453239,1
task_a,15269,1065891396897273,1
task_a,15275,596974570442385,5
task_a,15286,595180243955151,4
task_a,15289,4372101296146816,1
task_a,15292,590694817737027,2
task_a,15305,4360983440591935,2
task_a,15313,1054377448048668,1
task_a,15316,578611595612016,4
task_a,15321,2072549726155044,1
task_a,15323,2066757916734225,4
task_a,15330,1043513222468424,1
task_a,15345,565278316945344,2
task_a,15354,1035143519972061,1
task_a,15375,2035387593204591,1
task_a,15424,4315686495121630,4
task_a,15425,4315145178509095,3
task_a,15434,2010206479056036,2
task_a,15435,2009820259094658,5
task_a,15439,1019445391541874,4
task_a,15440,4312079128815700,5
task_a,15450,538055256334317,5
task_a,15453,1995035007239850,5
task_a,15463,526480544158455,3
task_a,15479,4293749243982022,3
task_a,15480,4293537754003171,3
task_a,15484,4279310308759249,1
task_a,15486,1979123055497712,3
task_a,15505,4276130089077271,3
task_a,15518,1941609109249107,3
task_a,15528,4269294756427471,1
task_a,15529,4269288826428064,3
task_a,15532,516292571843919,5
task_a,15549,988187108001036,3
task_a,15560,4256269537729993,4
task_a,15566,511831242290052,4
task_a,15569,1911559348920750,2
task_a,15570,1910404965702855,1
task_a,15576,986220088197738,4
task_a,15586,4246199142070366,5
task_a,15600,1897820310294654,1
task_a,15616,4223298684360412,2
task_a,15617,4223292601027687,3
task_a,15618,4220184014671879,4
task_a,15621,492977924175384,3
task_a,15639,4198486996841581,5
task_a,15650,462573927215784,2
task_a,15658,454384088034768,1
task_a,15669,1875901239153228,3
task_a,15672,441820772624433,4
task_a,15681,1865371853539500,2
task_a,15707,4182492671774347,2
task_a,15715,4182502995106648,5
task_a,15736,4183303091693305,1
task_a,15746,1755136794563007,2
task_a,15755,4161359227221025,3
task_a,15765,1744662228943797,4
task_a,15773,417636311709546,3
task_a,15798,1727981157278571,3
task_a,15811,1719719464771407,2
task_a,15823,1712419425501411,2
task_a,15832,4086764284680520,4
task_a,15837,4086958637994418,2
task_a,15845,1695386610538026,5
task_a,15891,4054159034607712,2
task_a,15898,1659964967413524,5
task_a,15902,4049432795080336,4
task_a,15908,1648052551938099,4
task_a,15913,4032602246763391,5
task_a,15921,4016642788359337,4
task_a,15931,4011450102211939,5
task_a,15935,1631258236950864,5
task_a,15944,1629900563753298,2
task_a,15952,1613427522067269,5
task_a,15955,3987985984558351,2
task_a,15970,1608892222520799,3
task_a,15982,3962872137069736,5
task_a,15986,3961084050581878,1
task_a,15987,3952198148137135,1
task_a,15994,3944572498899700,5
task_a,15997,1597138153696206,3
task_a,16000,3944459945577622,3
task_a,16012,1589356781141010,3
task_a,16024,1582498608493494,3
task_a,16026,3901208369902780,2
task_a,16033,1581455078597847,2
task_a,16038,1576774379065917,3
task_a,16039,1573959322680756,1
task_a,16054,1568757139867641,5
task_a,16066,1550488465027842,5
task_a,16072,1546868742056481,5
task_a,16092,1542865095790179,1
task_a,16097,1541153719294650,4
task_a,16111,3826278367395781,4
task_a,16113,1530687463674609,3
task_a,16128,3813008162056135,5
task_a,16129,3809550619068556,3
task_a,16132,1517425655000790,3
task_a,16159,3767383089951976,2
task_a,16179,3750813721608913,5
task_a,16200,1479515005458522,5
task_a,16226,3706605009363118,5
task_a,16236,1474576972618992,2
task_a,16246,3674716709218615,3
task_a,16249,1471551299588226,5
task_a,16251,3671627676194185,4
task_a,16258,1460248434051846,1
task_a,16279,1452015378208485,4
task_a,16296,1432373350172688,3
task_a,16304,3610466208976999,2
task_a,16318,3586104921413128,1
task_a,16330,3582478368442450,2
task_a,16361,1381137298629627,3
task_a,16378,1370719813004709,3
task_a,16383,1365244490218908,2
task_a,16388,3489097914447163,1
task_a,16399,1344657535610937,5
task_a,16402,1342697312473626,4
task_a,16406,3479233142100307,4
task_a,16419,3468484636508491,2
task_a,16421,1330796486997042,2
task_a,16442,1317304775012880,5
task_a,16455,1309321029144588,1
task_a,16477,3354140997942856,2
task_a,16493,1287137021362989,1
task_a,16503,1282777398465618,3
task_a,16504,3324079197615703,5
task_a,16512,3311992542157702,3
task_a,16518,3306084169415206,5
task_a,16538,3288001977890092,2
task_a,16547,1249026255174066,1
task_a,16550,3269371696419787,5
task_a,16559,3256026184421005,5
task_a,16610,3209308462426111,1
task_a,16615,1192066507536708,2
task_a,16634,3184126458277645,1
task_a,16641,1177573552319337,4
task_a,16645,3176995725657385,4
task_a,16649,1173460619397297,5
task_a,16678,1149816005095092,3
task_a,16696,1141129325963760,1
task_a,16714,3129561683734123,3
task_a,16715,3129527940404164,4
task_a,16741,3105531389470486,2
task_a,16742,3103098266380465,1
task_a,16745,1100229430053750,1
task_a,16764,1085192151557478,1
task_a,16775,1079292645480762,3
task_a,16778,3074118792611746,3
task_a,16783,1068783676531659,1
task_a,16786,1067069960036364,3
task_a,16799,1044614745615219,4
task_a,16860,1033537430056284,3
task_a,16864,2956766764346950,3
task_a,16871,2950811904942436,1
task_a,16906,1015100558566638,5
task_a,16913,1012703812139646,2
task_a,16916,2866304276726533,5
task_a,16920,1010260205717340,2
task_a,16941,999736770103017,4
task_a,16943,2829965893693705,5
task_a,16961,2790315954325366,1
task_a,16966,2787478641275764,4
task_a,16972,982146291862065,5
task_a,16976,980747955335232,2
task_a,16978,2742101039146858,1
task_a,16983,976415342435160,2
task_a,16988,975029072573787,2
task_a,16992,974504722626222,5
task_a,16999,970245869718774,5
task_a,17001,969273196482708,4
task_a,17004,2695300117160284,5
task_a,17005,969269786483049,4
task_a,17019,2672043312819298,5
task_a,17021,962979687112059,3
task_a,17022,963472953729399,2
task_a,17049,2639522149404748,4
task_a,17054,957670574309637,4
task_a,17075,952051461538215,5
task_a,17096,943885605688134,5
task_a,17101,2587258034631160,4
task_a,17102,940907209319307,4
task_a,17107,2578497002173930,2
task_a,17132,2561260340564263,4
task_a,17137,925779434165418,5
task_a,17139,2550755298281434,3
task_a,17155,2528516407171990,1
task_a,17168,2525008007522830,1
task_a,17180,2504257802931184,3
task_a,17198,2488918467798451,3
task_a,17200,2487479011275730,5
task_a,17213,2480377711985860,5
task_a,17217,898308486912513,5
task_a,17223,895682960508399,3
task_a,17232,892665460810149,2
task_a,17241,888363567907005,5
task_a,17246,886730894736939,3
task_a,17273,853950288015000,4
task_a,17277,2430352406988391,1
task_a,17290,2418546404835658,4
task_a,17300,853443328065696,4
task_a,17308,850015738408455,3
task_a,17335,2362875800402719,2
task_a,17368,2339158926107740,2
task_a,17391,2314250591931907,1
task_a,17392,2312864005403899,4
task_a,17400,2309900489033584,3
task_a,17422,2278919798798320,2
task_a,17440,2258375280852772,2
task_a,17456,753810291362334,1
task_a,17477,747640371979326,3
task_a,17482,2182637198426581,4
task_a,17491,736729773070386,3
task_a,17496,2168038153219819,3
task_a,17515,723133517763345,1
task_a,17521,719217288154968,4
task_a,17526,2137211386302496,1
task_a,17535,2133418616681773,1
task_a,17556,703555673054463,4
task_a,17580,2095868067103495,4
task_a,17603,680269402049757,2
task_a,17618,669094486500582,1
task_a,17625,667260066684024,5
task_a,17629,661308067279224,3
task_a,17637,654644631278901,2
task_a,17642,656765251066839,2
task_a,17650,654006814676016,3
task_a,17657,644100595666638,1
task_a,17658,643695082373856,5
task_a,17685,630569890353042,5
task_a,17688,1985462018144101,2
task_a,17690,629426403800724,5
task_a,17694,1960404113983225,3
task_a,17719,1913376152019355,3
task_a,17724,10202943327240608,4
task_a,17733,1907050202651950,1
task_a,17750,1893053477384956,4
task_a,17770,1866045683419069,1
task_a,17772,1864967616860209,1
task_a,17788,1846500908706880,3
task_a,17791,1843135745710063,2
task_a,17795,1841656532524651,1
task_a,17830,1788560584500913,1
task_a,17859,1750620468294925,5
task_a,17862,1743426745680964,5
task_a,17893,1698048093552163,3
task_a,17923,1664267890263517,2
task_a,17925,1665151060175200,1
task_a,17938,1653278924695747,1
task_a,17940,1650360561654250,5
task_a,17943,1645768382113468,2
task_a,17961,1625072294183077,4
task_a,17967,1617400811616892,3
task_a,17975,1606291092727864,5
task_a,17982,1596130947077212,4
task_a,17990,1583040675052906,4
task_a,17994,1577724575584516,5
task_a,18000,1570007589689548,5
task_a,18006,1561749640515343,4
task_a,18017,1548168365206804,5
task_a,18018,1548163771873930,2
task_a,18034,1528649693825338,5
task_a,18048,1512802122076762,4
task_a,18050,1510484342308540,1
task_a,18051,1508782382478736,4
task_a,18069,1485384904818484,5
task_a,18073,1480892341934407,5
task_a,18074,1481151641908477,1
task_a,18097,1464111426945832,5
task_a,18114,1456912860999022,3
task_a,18122,1449097821780526,4
task_a,18153,1412477825442526,5
task_a,18156,1407400992616876,4
task_a,18188,1375137825843193,1
task_a,18214,1356958910994418,2
task_a,18215,1356935114330131,2
task_a,18235,1341542989202677,5
task_a,18240,1338919832798326,1
task_a,18243,1335955343094775,3
task_a,18244,1335033629853613,2
task_a,18248,1330084160348560,5
task_a,18249,1330081283682181,3
task_a,18251,1325549974135312,2
task_a,18284,1317102491646727,5
task_a,18287,1315533541803622,1
task_a,18330,1278997945457182,2
task_a,18344,1269887246368252,1
task_a,18420,1178146495542328,1
task_a,18421,1176424732381171,1
task_a,18425,1176359875720990,3
task_a,18428,1166500583373586,5
task_a,18441,1138446632845648,2
task_a,18450,1122174317806213,5
task_a,18457,1120649951291983,4
task_a,18466,1112521382104840,5
task_a,18482,1100742793282699,3
task_a,18493,1084492111574434,4
task_a,18500,1069706039719708,2
task_a,18515,1057722490918063,4
task_a,18533,1044057022284610,4
task_a,18541,1036081569748822,3
task_a,18545,1033277840029195,3
task_a,18548,1032399463450366,3
task_a,18549,1029792073711105,5
task_a,18551,1027141730642806,3
task_a,18557,1022617994428513,5
task_a,18560,1020975244592788,1
task_a,18569,1005912059432440,5
task_a,18577,994659493891030,5
task_a,18578,994022593954720,4
task_a,18584,988562444500735,5
task_a,18593,982532571770389,3
task_a,18602,976806475676332,1
task_a,18611,968062856550694,1
task_a,18613,966194440070869,1
task_a,18637,953619644661682,5
task_a,18652,936859503004363,1
task_a,18654,936397626383884,3
task_a,18659,935980346425612,2
task_a,18729,893135917376722,1
task_a,18757,868329303190717,5
task_a,18763,866832130007101,4
task_a,18769,861414077215573,2
task_a,18798,852702344753413,3
task_a,18801,850649588292022,4
task_a,18814,847139055309742,2
task_a,18825,842060435817604,2
task_a,18832,838487726174875,3
task_a,18853,829961297027518,1
task_a,18854,829426803747634,5
task_a,18857,827561503934164,5
task_a,18859,826898294000485,1
task_a,18861,826414180715563,5
task_a,18881,820646871292294,1
task_a,18884,819705664719748,4
task_a,18888,818617961495185,2
task_a,18889,817206124969702,4
task_a,18892,816417945048520,4
task_a,18924,805423906147924,5
task_a,18940,800984503258531,1
task_a,18946,798209600202688,1
task_a,18956,794551453901836,1
task_a,18962,792487640774884,3
task_a,18972,789220681101580,2
task_a,18987,783392398351075,5
task_a,18999,779591432064505,2
task_a,19005,778193808870934,5
task_a,19010,776103125746669,2
task_a,19012,775998399090475,5
task_a,19018,774582539232061,2
task_a,19023,772075992816049,5
task_a,19029,769504049739910,5
task_a,19031,768898353133813,3
task_a,19051,760609563962692,2
task_a,19052,760134667343515,3
task_a,19060,757072220983093,2
task_a,19094,740430162647299,5
task_a,19095,740403672649948,2
task_a,19098,738998206123828,4
task_a,19103,736484273041888,1
task_a,19109,734050839951898,5
task_a,19111,733121120044870,5
task_a,19114,730653503624965,4
task_a,19120,727961223894193,2
task_a,19125,726648270692155,3
task_a,19128,724800277543621,1
task_a,19155,714620071894975,2
task_a,19185,596692793745764,5
task_a,19209,695357583821224,5
task_a,19220,692167340806915,3
task_a,19225,688309694526013,1
task_a,19248,677177115639271,1
task_a,19253,674648175892165,2
task_a,19260,672224456134537,2
task_a,19265,669682783055371,4
task_a,19267,668792456477737,4
task_a,19274,664560186900964,1
task_a,19292,655152901175026,4
task_a,19293,653491244674525,1
task_a,19319,639511592739157,5
task_a,19322,637069062983410,2
task_a,19331,628131023877214,2
task_a,19346,615859241771059,1
task_a,19367,601013733255610,2
task_a,19381,591711584185825,2
task_a,19384,586629698027347,2
task_a,19406,575794142444236,5
task_a,19408,574976412526009,5
task_a,19411,574525332571117,4
task_a,19429,555601154463535,1
task_a,19438,545728638784120,4
task_a,19450,199293090213754,3
task_a,19458,458169227570444,1
task_a,19465,385173581575199,1
task_a,19469,519255138098137,3
task_a,19474,300765656710875,2
task_a,19487,508883042468680,1
task_a,19496,416449181761878,5
task_a,19499,498292710194380,5
task_a,19504,492829254074059,1
task_a,19510,487014821322169,5
task_a,19511,486593024697682,5
task_a,19529,110475335770021,3
task_a,19531,465615783462073,1
task_a,19537,250139688441074,2
task_a,19546,370727126334045,3
task_a,19579,432887343401584,4
task_a,19581,124899237642240,5
task_a,19584,249518688485321,2
task_a,19587,426404624049856,1
task_a,19594,420824447941207,5
task_a,19599,143068152493698,5
task_a,19624,279237922171183,5
task_a,19636,260970657331765,4
task_a,19650,145633082229964,2
task_a,19653,173162749471393,5
task_a,19654,380723051951347,4
task_a,19662,376742682349384,5
task_a,19666,376166972406955,4
task_a,19675,177545619028590,2
task_a,19676,381611608530381,5
task_a,19692,142725185850463,5
task_a,19694,238727909555004,3
task_a,19697,221223574642849,5
task_a,19698,362217903801862,5
task_a,19708,387619011264720,1
task_a,19711,228927903863051,5
task_a,19720,342602789096707,5
task_a,19723,341716842518635,2
task_a,19725,340978265925826,5
task_a,19727,226129204140314,1
task_a,19734,336716933018626,5
task_a,19735,277523508977554,3
task_a,19763,302852416417132,2
task_a,19765,326670654023254,3
task_a,19766,265942050136045,3
task_a,19768,324798934210426,5
task_a,19773,323539377669715,2
task_a,19778,319642734726046,3
task_a,19790,311929025497417,1
task_a,19833,290390734317913,5
task_a,19839,288805144476472,4
task_a,19843,286967487993571,2
task_a,19855,282834428406877,2
task_a,19869,298015120225602,3
task_a,19874,257197367649860,2
task_a,19878,270874579602862,3
task_a,19880,270350626321924,1
task_a,19883,266669336690053,2
task_a,19912,236613519695635,3
task_a,19913,235573419799645,4
task_a,19919,227414277282226,4
task_a,19952,215134458510208,3
task_a,19958,213106658712988,5
task_a,19979,206476069376047,4
task_b,20,1507339754519405,1
task_b,31,1503973651522682,1
task_b,42,1658154852324212,2
task_b,44,1656353952504302,3
task_b,47,1574861954642486,2
task_b,59,1118295486994448,4
task_b,69,1276644331311829,4
task_b,70,1270961045213491,4
task_b,74,1648342393305458,4
task_b,80,1493395239247190,3
task_b,101,1246821034294159,1
task_b,105,1350225270442947,1
task_b,120,1540555238073158,4
task_b,129,1233764902266439,2
task_b,141,1611290233677341,2
task_b,152,1318265900305551,1
task_b,230,1464330978820283,4
task_b,231,1462093672377347,4
task_b,237,969055691918429,3
task_b,243,1473215211473828,1
task_b,273,938086005015398,2
task_b,300,1042929017839242,4
task_b,308,1518699882936377,2
task_b,323,1099153902394207,5
task_b,363,1076432921332972,5
task_b,369,1429822572271124,2
task_b,383,1427134885873226,1
task_b,392,1480957663377266,1
task_b,415,1056584346651163,1
task_b,422,1413160790603969,3
task_b,428,886448770179122,3
task_b,451,1408664907720224,4
task_b,456,876202711178541,5
task_b,477,1402770584976323,4
task_b,497,1371628728299144,4
task_b,514,1389650846288297,5
task_b,516,1357032026425481,4
task_b,531,861836539307012,2
task_b,532,1355229429939074,1
task_b,535,1387743396032027,3
task_b,538,1383391509800549,2
task_b,547,1369219444551089,5
task_b,549,839375411527938,4
task_b,562,1337865905008760,2
task_b,563,1364851978321169,5
task_b,567,1382148820371833,5
task_b,576,983369323972666,3
task_b,578,978710907771841,3
task_b,587,1347835776689456,3
task_b,589,962554629387469,2
task_b,594,831036789028467,2
task_b,600,950994767210122,5
task_b,602,1319332706862080,2
task_b,612,1370372778216104,4
task_b,614,1344962786976755,1
task_b,626,1339590740847293,2
task_b,631,1306237764838241,2
task_b,634,1368513978401984,2
task_b,645,1334357388037295,3
task_b,661,1293526706109347,4
task_b,667,1360941972492518,5
task_b,679,1270580568403961,5
task_b,696,1265453195583365,3
task_b,708,1348707383715977,2
task_b,711,798034185687248,5
task_b,714,1258856406243044,4
task_b,746,1239785894816762,3
task_b,748,727264062739074,5
task_b,762,899765945666338,2
task_b,766,1280240110115690,4
task_b,774,897609775881955,5
task_b,781,1271324764340558,5
task_b,783,715773620554785,2
task_b,800,1339988904587825,4
task_b,808,883498197293113,5
task_b,820,883468623962737,4
task_b,831,1249863363153365,4
task_b,835,1205967618198590,1
task_b,836,865006189142314,1
task_b,842,707872768036724,5
task_b,848,1331580245428691,1
task_b,852,840058001637133,4
task_b,863,834099715566295,2
task_b,872,1182733863855299,3
task_b,893,1228968171909551,4
task_b,894,695689915921676,2
task_b,899,1221718339301201,2
task_b,902,660096416122506,5
task_b,904,1150694767059209,4
task_b,911,819150087061258,5
task_b,955,794525476190386,5
task_b,957,786292240347043,3
task_b,962,1205797504226618,2
task_b,965,679288037561864,4
task_b,968,1293104359276280,3
task_b,984,675612051262796,4
task_b,986,674340204723314,3
task_b,995,671073958383272,4
task_b,1005,769242782051989,1
task_b,1013,1189079299231772,2
task_b,1024,759859569656977,2
task_b,1026,1285751040011612,1
task_b,1031,1115260540602632,3
task_b,1032,1114855213976498,3
task_b,1054,1180695863403449,1
task_b,1066,1110953994366620,4
task_b,1077,1177484077057961,1
task_b,1081,649328757224459,4
task_b,1087,1272814204638629,1
task_b,1092,719209590388642,4
task_b,1145,1259452545974795,3
task_b,1159,10160919330114268,1
task_b,1176,670236521952616,1
task_b,1181,452772020188281,4
task_b,1210,10160859989469268,5
task_b,1214,1093277725478597,3
task_b,1275,420021876796629,5
task_b,1301,400249368773880,4
task_b,1315,1230154712237912,2
task_b,1318,10160789741214268,3
task_b,1331,1011153090357728,3
task_b,1347,1223733622880021,3
task_b,1354,531023052540631,4
task_b,1356,363842379081246,2
task_b,1370,999865425475478,1
task_b,1375,992491932223844,5
task_b,1379,1212836663969717,3
task_b,1380,1211230497463667,1
task_b,1388,1210477310872319,1
task_b,1470,978860867575934,2
task_b,1471,978151444313543,5
task_b,1484,973840831411271,4
task_b,1486,380989804210624,2
task_b,1487,377701624539442,5
task_b,1488,368172565492348,4
task_b,1502,1185656150021102,5
task_b,1566,1168558661730851,4
task_b,1574,1163044998948884,1
task_b,1590,264149229050562,2
task_b,1632,683833033089737,2
task_b,1645,1151460510107333,5
task_b,1646,1151314140121970,5
task_b,1660,251131327196473,3
task_b,1661,243906117918994,3
task_b,1664,10160402524304268,3
task_b,1671,225034692962016,4
task_b,1693,210811714384314,5
task_b,1695,209441524521333,2
task_b,1709,1133257811927603,3
task_b,1713,205746101557542,1
task_b,1754,1119220209998030,5
task_b,1795,2775791369400901,3
task_b,1805,2755412328105472,3
task_b,1807,1223305148096224,1
task_b,1818,1102566771663374,2
task_b,1824,896463259149029,2
task_b,1849,10160309974819268,2
task_b,1856,2730946287218743,1
task_b,1879,10160300092269268,5
task_b,1898,2705368656443173,3
task_b,1910,2703427166637322,2
task_b,1924,1145824289177644,5
task_b,1941,2697163200597052,4
task_b,1949,10160267893204268,1
task_b,1972,2693123481001024,5
task_b,1973,1126044097822330,3
task_b,1974,840212414774114,3
task_b,2009,1055949156325136,3
task_b,2031,2677259775920728,5
task_b,2036,10159426078271714,1
task_b,2039,10159436680441714,3
task_b,2042,10160236569889268,3
task_b,2046,1050940320159353,4
task_b,2061,1049853163601402,5
task_b,2076,10159429718871714,5
task_b,2077,1046730947246957,1
task_b,2081,10160225721724268,2
task_b,2091,10160224409604268,4
task_b,2092,10160222871474268,1
task_b,2123,5059728594049499,4
task_b,2139,1036837504902968,2
task_b,2147,992558124504262,5
task_b,2148,5017715378250821,1
task_b,2153,1034550658464986,2
task_b,2157,2620134451633261,2
task_b,2187,10159280951291714,4
task_b,2196,10160121040174268,2
task_b,2197,10159280944271714,3
task_b,2206,4900487319973628,2
task_b,2261,10159242106491714,1
task_b,2267,2597778287202211,4
task_b,2271,10160021951109268,1
task_b,2291,909008296192579,3
task_b,2298,10159233909126714,1
task_b,2300,10159230229336714,5
task_b,2303,903938990032843,1
task_b,2304,1004613181458734,4
task_b,2311,10159226792046714,3
task_b,2319,1000413988545320,3
task_b,2336,876508132775929,5
task_b,2345,995169035736482,2
task_b,2349,10159981541074268,2
task_b,2356,871458646614211,2
task_b,2358,2553090135004360,5
task_b,2368,870125773414165,1
task_b,2373,10159199598281714,3
task_b,2379,990152346238151,2
task_b,2436,4314655615223471,2
task_b,2439,976537310932988,4
task_b,2441,836001193493290,4
task_b,2461,4253545031334530,4
task_b,2491,964406422146077,3
task_b,2499,4192402907448743,3
task_b,2503,10159125307666714,3
task_b,2510,959873242599395,4
task_b,2520,10159786877829268,3
task_b,2528,956179189635467,3
task_b,2533,4110697035619331,4
task_b,2545,4103734122982289,3
task_b,2548,10159741726999268,2
task_b,2560,10159695935094268,2
task_b,2567,2470231973290177,4
task_b,2568,4064128370276198,1
task_b,2578,4041244725897896,3
task_b,2581,2455103904802984,3
task_b,2582,10159078304981714,4
task_b,2587,4023376564351379,4
task_b,2594,2452731235040251,2
task_b,2613,2435867936726581,3
task_b,2617,10159043301061714,1
task_b,2644,937892188130834,4
task_b,2657,10159029150666714,5
task_b,2667,935668725019847,3
task_b,2673,10159006480366714,5
task_b,2684,2383547681958607,2
task_b,2686,2378535999126442,3
task_b,2710,2375012196145489,3
task_b,2734,10158968794081714,1
task_b,2738,10159552085704268,4
task_b,2746,925359542717432,1
task_b,2762,924209222832464,1
task_b,2774,10159510418789268,4
task_b,2790,921362219783831,4
task_b,2791,10159471651779268,2
task_b,2794,3579065058782534,3
task_b,2801,921154533137933,3
task_b,2836,3523197037702670,5
task_b,2845,913062280613825,1
task_b,2848,10159417498514268,1
task_b,2891,10158815892056714,1
task_b,2933,902378298348890,1
task_b,2935,2267904933522883,5
task_b,2946,901737111746342,5
task_b,2950,2258637287782981,3
task_b,2957,10158774441566714,3
task_b,2968,10158760093526714,3
task_b,2969,10159246793629268,5
task_b,2981,10159216619509268,4
task_b,2985,3303697296319313,5
task_b,2987,3243561748999535,4
task_b,2993,10159192846894268,2
task_b,3009,3298468320175544,2
task_b,3021,2231076627205714,1
task_b,3026,2229470604032983,1
task_b,3047,10158706071141714,1
task_b,3049,885812173338836,3
task_b,3067,10158703512061714,5
task_b,3075,10159053210829268,1
task_b,3098,10158688124886714,5
task_b,3112,871418261444894,4
task_b,3118,2203754369937940,2
task_b,3124,2198418073804903,5
task_b,3145,869532881633432,5
task_b,3161,869119421674778,3
task_b,3164,10158642098426714,4
task_b,3168,10158965252614268,4
task_b,3211,10158607685746714,3
task_b,3218,2933271950028518,4
task_b,3242,10158863584539268,1
task_b,3246,2145377209108990,3
task_b,3266,2138385473141497,1
task_b,3284,851262990127088,1
task_b,3300,10158557203271714,1
task_b,3312,2111387695841275,4
task_b,3318,10158542118116714,1
task_b,3343,2099492020364176,2
task_b,3348,10158699373209268,4
task_b,3354,2581015335254183,1
task_b,3360,10158482616896714,3
task_b,3365,10158662691764268,4
task_b,3368,2560737150615335,3
task_b,3402,2501542286534822,1
task_b,3408,2084154571897921,2
task_b,3443,10158522531004268,5
task_b,3450,2351912011497851,3
task_b,3453,2072403993072979,2
task_b,3462,821074329812621,5
task_b,3467,10158473958549268,1
task_b,3480,2064238007222911,5
task_b,3487,10158428546619268,2
task_b,3495,2064210553892323,1
task_b,3508,2061645670815478,1
task_b,3509,2058872594426119,2
task_b,3510,10158380139986714,2
task_b,3535,10158379977116714,4
task_b,3573,2043465439300168,3
task_b,3589,804125848174136,2
task_b,3594,10158292682519268,2
task_b,3607,10158286845669268,5
task_b,3634,792773869309334,4
task_b,3665,786439559942765,2
task_b,3666,1407745949247800,4
task_b,3678,785814726671915,4
task_b,3681,10158039795296714,2
task_b,3682,10158006658626714,2
task_b,3688,1338789786143417,4
task_b,3700,1271090072913389,1
task_b,3703,778743920712329,3
task_b,3706,1989628671350512,5
task_b,3715,1981214285525284,1
task_b,3740,1195415660480831,4
task_b,3746,1970694286577284,1
task_b,3752,772827281303993,5
task_b,3758,1968680793445300,2
task_b,3770,1138264509529280,3
task_b,3775,10158211293259268,5
task_b,3792,767048698548518,2
task_b,3796,1961595077487205,5
task_b,3798,10158201989719268,3
task_b,3799,1960716194241760,3
task_b,3803,764995135420541,5
task_b,3822,1085115194844212,1
task_b,3857,10158141973679268,5
task_b,3860,10158133015239268,5
task_b,3865,750618736858181,1
task_b,3872,749334333653288,1
task_b,3893,1561863167634672,1
task_b,3904,10157635825076714,1
task_b,3920,1928216644158382,2
task_b,3925,10158100543034268,4
task_b,3939,1553334538487535,4
task_b,3950,1552700185217637,2
task_b,3952,10157574958211714,1
task_b,3957,1552136601940662,4
task_b,3971,1002267423128990,4
task_b,3998,10157335044851714,3
task_b,4019,10158054270109268,4
task_b,4024,10157231824791714,2
task_b,4042,1544339266053729,4
task_b,4054,10157160503086714,3
task_b,4065,10158045179319268,1
task_b,4088,1532567657230890,2
task_b,4092,1532300670590922,4
task_b,4121,10157041137451714,5
task_b,4130,1526928027794853,2
task_b,4143,1526500987837557,2
task_b,4155,1525441764610146,3
task_b,4181,1522476021573387,5
task_b,4186,1522340934920229,2
task_b,4198,1519679461853043,2
task_b,4306,10156555331446714,1
task_b,4307,10156544999701714,1
task_b,4319,1494372667717056,4
task_b,4342,10157864232599268,4
task_b,4371,1484073645413625,2
task_b,4372,10157809488334268,1
task_b,4385,1481673325653657,3
task_b,4393,1474527889701534,1
task_b,4412,10157764148304268,5
task_b,4415,1465207287300261,4
task_b,4416,1464329577388032,5
task_b,4426,10156118364491714,2
task_b,4432,10156109954316714,3
task_b,4442,10156103889116714,2
task_b,4450,1454162691738054,3
task_b,4451,1451619395325717,5
task_b,4465,1444049436082713,1
task_b,4470,1443912176096439,2
task_b,4471,10157693901374268,2
task_b,4474,1443873332766990,2
task_b,4476,10156060877596714,1
task_b,4477,10156060161331714,5
task_b,4479,1441865056301151,2
task_b,4487,1440809259740064,3
task_b,4498,1438020596685597,4
task_b,4514,1434195933734730,3
task_b,4517,1430297007457956,4
task_b,4518,1428826690938321,1
task_b,4525,10156019247496714,4
task_b,4532,1426797744474549,3
task_b,4538,1425893561231634,2
task_b,4555,1422383828249274,1
task_b,4567,10155886684491714,4
task_b,4594,1404067453414245,4
task_b,4615,10155768618906714,3
task_b,4665,10155686554031714,3
task_b,4666,10155379503401714,2
task_b,4668,1374875256333465,5
task_b,4673,10155379502611714,4
task_b,4698,10157482009919268,2
task_b,4714,10155379341481714,4
task_b,4719,10155379339911714,4
task_b,4754,10157426496109268,2
task_b,4798,10157387724634268,2
task_b,4801,1327209591100032,1
task_b,4803,1325004711320520,1
task_b,4817,10157369910964268,3
task_b,4824,10157367341389268,3
task_b,4836,10157351106294268,1
task_b,4849,10155271477721714,5
task_b,4869,10155249101091714,3
task_b,4870,10155026134806714,3
task_b,4874,1310586219429036,1
task_b,4884,1309064756247849,5
task_b,4891,10157328676019268,1
task_b,4941,10157284952749268,3
task_b,4949,10157279634404268,1
task_b,4962,10154918075966714,2
task_b,4968,1280791529075172,4
task_b,4973,10157255987099268,5
task_b,4996,1268095200344805,1
task_b,4997,1267787093708949,1
task_b,5008,10154777223841714,1
task_b,5013,10154799250746714,3
task_b,5017,1260093914478267,4
task_b,5047,1251488415338817,5
task_b,5054,1243009969519995,4
task_b,5070,1233813377106321,1
task_b,5090,10154510544746714,2
task_b,5107,1221482978339361,1
task_b,5113,10154459035456714,3
task_b,5124,1215497445604581,3
task_b,5131,1212246702596322,2
task_b,5152,1208146219673037,5
task_b,5160,1206295833191409,3
task_b,5164,1205607726593553,4
task_b,5196,1197759310711728,1
task_b,5211,1192468871240772,2
task_b,5215,10157044704499268,1
task_b,5216,10154192765626714,4
task_b,5243,1187629325058060,3
task_b,5258,1182058962281763,4
task_b,5262,1179064019247924,5
task_b,5267,1178391645981828,1
task_b,5277,1176488856172107,2
task_b,5303,10153798790456714,2
task_b,5306,1173357989818527,5
task_b,5307,1173316759822650,5
task_b,5365,1164060370748289,2
task_b,5368,10156909393624268,1
task_b,5370,1160393634448296,5
task_b,5382,1155140801640246,2
task_b,5384,10156898500144268,4
task_b,5390,1153617538459239,2
task_b,5428,1143877719433221,5
task_b,5437,10153150270276714,4
task_b,5446,1141009893053337,1
task_b,5470,10156813955059268,2
task_b,5474,1133234700497523,1
task_b,5494,10153056380001714,3
task_b,5497,10156784798954268,5
task_b,5505,10153054310796714,5
task_b,5519,10153048260351714,1
task_b,5532,10152978854331714,3
task_b,5543,1117878248699835,3
task_b,5554,10152918455841714,4
task_b,5556,1111998275954499,4
task_b,5558,1110305962790397,1
task_b,5594,1100283587125968,4
task_b,5627,10156641885239268,4
task_b,5694,1084652562022404,5
task_b,5703,1082861815534812,2
task_b,5761,1072464479907879,1
task_b,5765,1070590700095257,3
task_b,5772,10156488216884268,1
task_b,5798,1042232606264400,2
task_b,5800,1041863206301340,5
task_b,5813,1033756083778719,2
task_b,5820,1030315787456082,3
task_b,5822,1029446404209687,4
task_b,5849,1022309258256735,2
task_b,5876,1019520525202275,4
task_b,5913,10156349570084268,1
task_b,5925,1009289106225417,1
task_b,5945,1001331937021134,3
task_b,5958,999990383821956,2
task_b,5959,999469650540696,4
task_b,5964,997728954048099,5
task_b,5986,990121464808848,1
task_b,6009,10156259018964268,1
task_b,6027,974945639659764,4
task_b,6034,10156231946279268,1
task_b,6078,953094378511557,5
task_b,6088,949917462162582,2
task_b,6092,10156170326714268,1
task_b,6110,931601797327482,2
task_b,6130,922109568276705,1
task_b,6137,918686718618990,1
task_b,6151,916247468862915,3
task_b,6196,885258895295106,3
task_b,6272,10150888137301714,3
task_b,6310,847686739052322,5
task_b,6358,319921974741617,4
task_b,6401,817425598745103,3
task_b,6412,10155827716504268,4
task_b,6414,814985618989101,5
task_b,6462,806882243132772,5
task_b,6468,805818389905824,3
task_b,6479,798270773993919,4
task_b,6530,790795098074820,5
task_b,6562,783742008780129,1
task_b,6573,782015628952767,1
task_b,6656,757262411428089,2
task_b,6658,756320408188956,5
task_b,6676,750955958725401,4
task_b,6709,434421051713,1
task_b,6721,743802082774122,1
task_b,6804,705960563224941,2
task_b,6806,10155141928964268,2
task_b,6811,702368330250831,5
task_b,6818,697687600718904,4
task_b,6835,688777051609959,5
task_b,6856,676303959523935,5
task_b,6863,669491490205182,2
task_b,6919,635411570279841,2
task_b,6928,627234017764263,3
task_b,7018,553021171852215,2
task_b,7022,548314402322892,5
task_b,7073,518333485320984,5
task_b,7086,511219389365727,2
task_b,7146,486692085151791,2
task_b,7165,476638702823796,3
task_b,7188,465502257270774,1
task_b,7272,334632580357743,2
task_b,7290,305808883240113,3
task_b,7301,10153675246554268,1
task_b,7787,379474605443604,4
task_b,7988,1473250404820210,5
task_b,7998,122272159682089660,2
task_b,8159,1371427335022967,1
task_b,8168,1355876113234146,5
task_b,8191,1337868675034890,1
task_b,8214,1352897016875999,5
task_b,8238,1333651402132350,2
task_b,8247,122242521296089660,3
task_b,8275,1316227670541390,5
task_b,8289,1332757862223248,3
task_b,8290,1331076092391425,2
task_b,8315,1265979398890485,4
task_b,8317,122235760868089660,4
task_b,8345,1281649550665869,4
task_b,8401,1304594225039612,1
task_b,8451,1115455283942898,4
task_b,8464,1277733397725695,3
task_b,8536,1237656378398520,4
task_b,8549,1256685803163788,5
task_b,8567,1253367803495588,3
task_b,8580,1211428424354649,2
task_b,8680,1293598662785386,2
task_b,8681,1291696322975620,4
task_b,8709,1182773153886843,1
task_b,8762,912730060882089,4
task_b,8833,1154559160041576,4
task_b,8902,1220436590101594,2
task_b,8953,122144019686089660,3
task_b,9005,815860270569069,5
task_b,9020,1112718577560512,3
task_b,9046,1089192456579791,2
task_b,9052,1104247471739412,3
task_b,9054,1086185016880535,5
task_b,9062,1104239308406895,1
task_b,9070,794669796021450,3
task_b,9146,1078112201019606,4
task_b,9156,1072403431590483,2
task_b,9173,1182552343915794,4
task_b,9191,1050747233756103,5
task_b,9209,1126509509494303,5
task_b,9260,980489684116736,1
task_b,9265,750377117117385,4
task_b,9267,1020295790134581,4
task_b,9269,979610397537998,4
task_b,9279,747029164118847,1
task_b,9292,971428401689531,4
task_b,9295,747027417452355,3
task_b,9346,989318259899001,2
task_b,9378,1069038658574722,5
task_b,9379,1066329002179021,4
task_b,9394,1064197302392191,5
task_b,9445,706982918123472,1
task_b,9463,933541528811552,1
task_b,9476,705314338290330,4
task_b,9481,924590319706673,5
task_b,9495,1031597702318818,4
task_b,9501,918068227024005,5
task_b,9510,693956389426125,3
task_b,9523,1019696953508893,5
task_b,9565,903100595187435,5
task_b,9597,893925712771590,3
task_b,9606,660077279480703,1
task_b,9660,957972586347997,4
task_b,9704,642754854546279,1
task_b,9706,640470178108080,5
task_b,9731,939062761572313,2
task_b,9743,860246526141053,3
task_b,9744,859476179551421,5
task_b,9780,628978702590561,3
task_b,9796,922334293245160,5
task_b,9855,788439523320210,1
task_b,9866,817740627058310,4
task_b,9918,774020268095469,3
task_b,9928,792192959613077,1
task_b,9964,876133717865218,5
task_b,10006,732887405543633,5
task_b,10008,587343996754032,5
task_b,10025,739958871501609,3
task_b,10058,837663531712237,4
task_b,10164,946977984139899,3
task_b,10230,761678772644047,3
task_b,10245,681323637365133,1
task_b,10253,678659650964865,2
task_b,10268,515569517264814,4
task_b,10273,677659121064918,2
task_b,10290,738949374916987,5
task_b,10308,923514866486211,3
task_b,10315,668175335346630,1
task_b,10319,2612819325524556,5
task_b,10340,721182796693645,1
task_b,10371,2580174572122365,1
task_b,10386,490760199745746,3
task_b,10416,5470902609630329,1
task_b,10450,2506020929537730,3
task_b,10452,5434535793267011,2
task_b,10538,5357066027680655,5
task_b,10579,604215585075939,1
task_b,10586,635594985252427,5
task_b,10590,889340713236960,1
task_b,10604,5309843662402892,2
task_b,10637,592012772962887,3
task_b,10642,5289221251131800,1
task_b,10648,866285285542503,1
task_b,10650,2376823572457467,1
task_b,10659,5270154339705158,5
task_b,10671,586414436856054,5
task_b,10687,605009481644311,1
task_b,10738,5203702446350348,4
task_b,10806,2256061097867049,1
task_b,10890,4960605063993422,3
task_b,10916,518244807006351,4
task_b,10920,2288790941273973,3
task_b,10924,2215839701889189,3
task_b,10937,2276705719149162,3
task_b,10985,488741723289993,3
task_b,11022,2188473264625833,5
task_b,11024,810612041109828,4
task_b,11028,2230784647074603,4
task_b,11048,5497875843622398,3
task_b,11085,2216338761852525,2
task_b,11154,2138693066270520,5
task_b,11217,772405608263805,1
task_b,11224,5302091029867548,1
task_b,11288,763064659197900,1
task_b,11292,2107112136108522,3
task_b,11293,2123573481129054,1
task_b,11335,3365930343460910,3
task_b,11338,5187139344696051,3
task_b,11341,2083682935104867,5
task_b,11344,2107103436109392,3
task_b,11387,3313376578716287,3
task_b,11395,2069162983223529,5
task_b,11433,5058697477540239,2
task_b,11436,2095832857236450,4
task_b,11464,3153403768046903,4
task_b,11467,5009961429080511,1
task_b,11489,2049236841896052,1
task_b,11513,1979023518904143,5
task_b,11521,4965448510198470,5
task_b,11523,3061629217224359,4
task_b,11524,3048261685227779,4
task_b,11546,4947185712024750,2
task_b,11589,1923905941082568,1
task_b,11603,1921676137972215,4
task_b,11619,2014231668729903,5
task_b,11627,2009278745891862,2
task_b,11633,2848568515197098,3
task_b,11644,2819202988133651,2
task_b,11657,1884526848353811,2
task_b,11673,4748963515180305,5
task_b,11674,4745050558904934,3
task_b,11677,2765635943490356,1
task_b,11699,4578063912270267,4
task_b,11710,4678514758891848,3
task_b,11712,2738289616224989,4
task_b,11723,685017333669300,5
task_b,11728,685080960329604,4
task_b,11736,1983547585131645,3
task_b,11753,1980433235443080,1
task_b,11757,680890617415305,1
task_b,11763,1809068549232975,3
task_b,11773,2629206137133338,1
task_b,11776,1979507072202363,3
task_b,11778,1977912535695150,1
task_b,11784,677066031131097,4
task_b,11793,1974735632679507,1
task_b,11794,1799028166903680,3
task_b,11800,2525293867524566,2
task_b,11801,2496853687035251,2
task_b,11804,1784909738315523,5
task_b,11810,673468634824170,2
task_b,11812,1973029772850093,5
task_b,11820,2477616312292322,2
task_b,11823,672125698291797,4
task_b,11846,2468268703227083,3
task_b,11855,1764245627048601,4
task_b,11858,4547531295323529,2
task_b,11859,667125565458477,3
task_b,11866,665705442267156,2
task_b,11875,1957324837753920,1
task_b,11884,4502477263162266,1
task_b,11894,1944559882363749,4
task_b,11898,658797109624656,1
task_b,11902,2391778717542749,4
task_b,11904,1748593415280489,3
task_b,11906,4484705161606143,4
task_b,11911,655816359922731,2
task_b,11974,4440526709357322,2
task_b,11987,1743552659117898,3
task_b,12022,1698145536991944,3
task_b,12023,1627166687423163,5
task_b,12045,4346294602113867,3
task_b,12046,2155611811159442,4
task_b,12084,4290585564351438,1
task_b,12089,6477182855638639,5
task_b,12123,1553680074771825,1
task_b,12132,1940261256027833,4
task_b,12135,4266386163438045,3
task_b,12139,4263771697032825,3
task_b,12140,4262759293800732,3
task_b,12154,4260643934012268,2
task_b,12195,6412861222070803,5
task_b,12196,1734983866555574,1
task_b,12197,1719101861477108,3
task_b,12198,1715852301802064,2
task_b,12207,4185777951498867,2
task_b,12212,4180062085403787,4
task_b,12230,1856858304467241,4
task_b,12236,4159444410798888,5
task_b,12246,4148170731926256,4
task_b,12251,1573207742733188,3
task_b,12271,4129069273836402,1
task_b,12274,1828807377272334,1
task_b,12304,4109004555842874,1
task_b,12309,1470544189666211,5
task_b,12310,1469676736419623,4
task_b,12313,6363696170320642,1
task_b,12323,1826289554190783,3
task_b,12325,1825361627616909,5
task_b,12337,4087282761348387,1
task_b,12340,1822929424526796,4
task_b,12369,1431870146866949,5
task_b,12376,6335975799759346,1
task_b,12378,4052007174875946,5
task_b,12392,4030246247052039,5
task_b,12404,1343695342351097,4
task_b,12411,6288532547837005,3
task_b,12426,6265303720159888,3
task_b,12434,1807460089407063,5
task_b,12449,1421320661341101,5
task_b,12450,1418538271619340,3
task_b,12471,3988602847883046,2
task_b,12476,3980253792051285,4
task_b,12483,1414002705406230,3
task_b,12489,6190754107614850,3
task_b,12494,3961821783894486,3
task_b,12515,6157314430958818,3
task_b,12530,6149049771785284,4
task_b,12551,1048237685230199,3
task_b,12556,3923847701025228,2
task_b,12561,1347264248746743,2
task_b,12578,6120160751340853,1
task_b,12592,3889905961086069,5
task_b,12602,3881750585234940,4
task_b,12606,1765027263650346,3
task_b,12625,1753353068151099,4
task_b,12629,3846946318715367,5
task_b,12630,957888080931827,3
task_b,12645,3840218299388169,1
task_b,12648,3824289390981060,1
task_b,12667,1311090085697493,1
task_b,12695,3787095931367073,1
task_b,12710,904136129640356,5
task_b,12727,3759698594106807,3
task_b,12741,5999935266696736,5
task_b,12749,3723818361028164,2
task_b,12761,3705236209553046,5
task_b,12763,1278805085592660,1
task_b,12764,1275460965927072,2
task_b,12765,1274422829364219,2
task_b,12780,1718509131635493,5
task_b,12788,5971061662917430,4
task_b,12795,5961284903895106,2
task_b,12813,5952492878107642,2
task_b,12825,1712987272187679,1
task_b,12835,5943519475671649,2
task_b,12846,3615175941892407,3
task_b,12848,3595751513834850,3
task_b,12855,5932542550102675,4
task_b,12858,5929641013726162,5
task_b,12863,841252745928695,5
task_b,12866,1706145362871870,4
task_b,12870,3589039694506032,5
task_b,12871,3588903491186319,1
task_b,12874,1212826515523851,4
task_b,12881,837688252951811,5
task_b,12886,5916545428369054,1
task_b,12887,5914625015227762,4
task_b,12890,3563016193775049,2
task_b,12896,5906271292729801,2
task_b,12909,3562904247119577,4
task_b,12924,3555428577867144,4
task_b,12940,807801689273801,1
task_b,12945,1691075504378856,5
task_b,12952,3530478313695504,4
task_b,12961,1679914148828325,1
task_b,12964,3522725447804124,3
task_b,12967,5869007899789474,2
task_b,12972,800293573357946,2
task_b,12977,5863036573719940,5
task_b,12987,3508605592549443,3
task_b,12989,797809066939730,1
task_b,12992,5852350324788565,1
task_b,13002,3503886739687995,2
task_b,13007,5840140602676204,2
task_b,13026,3500630873346915,4
task_b,13027,5827398917283706,5
task_b,13031,3492904094119593,4
task_b,13044,762927697094534,3
task_b,13053,1152596324880204,5
task_b,13057,1653317808154626,5
task_b,13064,1151984714941365,5
task_b,13066,760230770697560,3
task_b,13071,5798918610131737,2
task_b,13082,5793236014033330,2
task_b,13084,3468475069895829,5
task_b,13091,5783474928342772,1
task_b,13098,3463427907067212,5
task_b,13107,3455912747818728,5
task_b,13111,5769235519766713,4
task_b,13112,5763445703679028,4
task_b,13119,1640506859435721,3
task_b,13120,5758092824214316,5
task_b,13132,3444750358934967,5
task_b,13149,1621971527955921,1
task_b,13152,3428048457271824,4
task_b,13161,3415120461897957,1
task_b,13165,1126254047514432,2
task_b,13174,731758363544801,2
task_b,13178,3406947042715299,1
task_b,13182,1615972115222529,3
task_b,13200,3391335960943074,2
task_b,13210,721692107884760,3
task_b,13211,721241387929832,1
task_b,13218,1602221016597639,1
task_b,13224,1117467345059769,2
task_b,13233,3372654446144559,5
task_b,13277,1091024154370755,2
task_b,13293,5615559691800964,2
task_b,13294,5606764039347196,5
task_b,13296,3311491102260894,4
task_b,13297,3311437555599582,2
task_b,13312,1086012404871930,5
task_b,13364,5538694462820821,4
task_b,13413,665743023479669,1
task_b,13415,663850267002278,3
task_b,13419,3247120135364658,5
task_b,13430,663839467003358,4
task_b,13438,3240547489355256,1
task_b,13442,5457806300909638,1
task_b,13444,1520438598109215,1
task_b,13481,645758912144747,3
task_b,13494,643122592408379,5
task_b,13506,640934569293848,5
task_b,13509,5402658493091086,1
task_b,13511,5402654949758107,4
task_b,13540,1045710105568827,5
task_b,13554,5359984150691854,4
task_b,13560,1044607939012377,1
task_b,13585,5341374305886172,1
task_b,13587,1039792142827290,5
task_b,13593,3093410664068940,4
task_b,13603,1035510266588811,3
task_b,13608,3083261898417150,5
task_b,13626,5306424799381123,1
task_b,13642,5304355719588031,3
task_b,13647,10152191190051240,1
task_b,13649,610412125679426,3
task_b,13651,5301670199856583,3
task_b,13658,1027667947373043,2
task_b,13662,1410986255721117,2
task_b,13664,1400263863460023,4
task_b,13669,3038756129534394,1
task_b,13677,1393454087474334,1
task_b,13681,3034244149985592,3
task_b,13684,603104276410211,2
task_b,13689,5285097564847180,4
task_b,13695,5280575868632683,1
task_b,13699,2998677693542238,2
task_b,13734,1382611971891879,3
task_b,13758,2960634520679889,3
task_b,13774,5251442641546006,4
task_b,13780,2946285978781410,1
task_b,13787,1370430489776694,3
task_b,13821,572764959444143,4
task_b,13825,990760821063756,1
task_b,13834,1363490530470690,4
task_b,13838,987630648043440,3
task_b,13844,2913840082026000,3
task_b,13846,1356032144549862,5
task_b,13854,2913782632031745,3
task_b,13864,2895750930501582,5
task_b,13867,5220495064640764,5
task_b,13868,561070340613605,4
task_b,13877,2884003591676316,3
task_b,13887,2877707475639261,2
task_b,13888,2877375692339106,5
task_b,13889,2877066002370075,2
task_b,13890,5210054359018168,2
task_b,13908,5207118832645054,4
task_b,13909,5201518799871724,5
task_b,13919,2854189071324435,5
task_b,13930,5189525387737732,1
task_b,13934,5187476364609301,1
task_b,13965,2836526976423978,5
task_b,13966,2836336613109681,1
task_b,13971,942061515933687,2
task_b,14003,2825948427481833,4
task_b,14005,532549406799032,2
task_b,14009,5161056167251321,4
task_b,14026,910498612423311,5
task_b,14032,1335287849957625,3
task_b,14045,2794338440642832,3
task_b,14059,1330187620467648,4
task_b,14069,502829823104324,5
task_b,14084,5116027258420879,1
task_b,14085,500900123297294,5
task_b,14113,5102037449819860,5
task_b,14118,482407545146552,2
task_b,14120,480000215387285,5
task_b,14147,5070124146344524,2
task_b,14152,843329302473576,1
task_b,14153,10151495450961240,4
task_b,14185,5052818421408430,5
task_b,14186,5052747151415557,3
task_b,14190,2719674941442516,1
task_b,14230,5007104915979781,1
task_b,14235,2682377658505578,2
task_b,14241,816839778455862,3
task_b,14244,2646695928740418,4
task_b,14248,1305475209605556,3
task_b,14253,1304442343042176,5
task_b,14265,5007040452652894,2
task_b,14268,2648451201898224,3
task_b,14283,810239082449265,5
task_b,14287,1298966456923098,2
task_b,14315,2631779320232079,4
task_b,14317,4960033910686882,5
task_b,14320,2620758694667475,2
task_b,14334,4935997486423858,1
task_b,14335,2619105694832775,1
task_b,14342,788631911276649,5
task_b,14346,4926470870709853,1
task_b,14357,1285680868251657,1
task_b,14371,2589562827787062,2
task_b,14373,4899522360071371,2
task_b,14377,2588220021254676,3
task_b,14381,2587893057954039,4
task_b,14383,2587741577969187,3
task_b,14399,4862571073766500,3
task_b,14415,2570631773013501,5
task_b,14431,4833485243341750,1
task_b,14439,4830763103613964,1
task_b,14446,4826559660700975,2
task_b,14496,756299461176561,4
task_b,14507,2510779975665348,5
task_b,14513,744652792341228,5
task_b,14514,749063291900178,1
task_b,14516,2503385089738170,4
task_b,14520,2499371723472840,2
task_b,14529,1240566016096476,5
task_b,14565,4745632412127034,4
task_b,14569,2457696204307059,3
task_b,14583,4737074156316193,4
task_b,14585,1222789401207471,2
task_b,14586,1221254808027597,4
task_b,14589,725767144229793,1
task_b,14602,4727680410588901,3
task_b,14604,4721746344515641,2
task_b,14610,725114047628436,2
task_b,14619,2424193117657368,2
task_b,14628,2420345551375458,3
task_b,14638,2409676815775665,2
task_b,14641,714452778694563,3
task_b,14651,2397692900307390,3
task_b,14654,1208963575923387,5
task_b,14664,2387581081318572,2
task_b,14690,1192934520859626,2
task_b,14697,4674139019276374,3
task_b,14714,2351798514896829,2
task_b,14715,1193759497443795,3
task_b,14730,1188285794657832,5
task_b,14740,2337910776285603,4
task_b,14745,683925131747328,3
task_b,14747,683080188498489,1
task_b,14773,4627612800595663,4
task_b,14781,2315807095162638,5
task_b,14791,1173503702802708,4
task_b,14816,1163895270430218,1
task_b,14822,2287162038027144,4
task_b,14840,4592128484144095,1
task_b,14848,4589674107722866,4
task_b,14876,2254461467963868,5
task_b,14881,2244675092275839,4
task_b,14885,1149029685250110,2
task_b,14894,671123949694113,5
task_b,14902,4565075156849428,4
task_b,14922,2228735323869816,1
task_b,14943,4543008509056093,1
task_b,14956,658357474304094,4
task_b,14967,4523466607676950,5
task_b,14968,4523454914344786,4
task_b,14982,657388571067651,5
task_b,14994,2188287134581302,5
task_b,14995,2188100377933311,5
task_b,15050,2167284253348257,4
task_b,15068,1096279413858471,2
task_b,15084,4480156468674631,1
task_b,15104,628355347304307,3
task_b,15116,1082032521949827,3
task_b,15117,4458417197515225,5
task_b,15125,624196327720209,3
task_b,15126,622864387853403,2
task_b,15132,4458390670851211,2
task_b,15147,1073931439426602,2
task_b,15178,2117844554958894,1
task_b,15207,4420845724605706,2
task_b,15218,4418006124889666,5
task_b,15247,2082901108453239,4
task_b,15269,1065891396897273,2
task_b,15275,596974570442385,4
task_b,15286,595180243955151,2
task_b,15289,4372101296146816,4
task_b,15292,590694817737027,3
task_b,15305,4360983440591935,4
task_b,15313,1054377448048668,1
task_b,15316,578611595612016,2
task_b,15321,2072549726155044,3
task_b,15323,2066757916734225,3
task_b,15330,1043513222468424,5
task_b,15345,565278316945344,5
task_b,15354,1035143519972061,4
task_b,15375,2035387593204591,5
task_b,15424,4315686495121630,5
task_b,15425,4315145178509095,5
task_b,15434,2010206479056036,1
task_b,15435,2009820259094658,5
task_b,15439,1019445391541874,1
task_b,15440,4312079128815700,4
task_b,15450,538055256334317,1
task_b,15453,1995035007239850,1
task_b,15463,526480544158455,2
task_b,15479,4293749243982022,4
task_b,15480,4293537754003171,2
task_b,15484,4279310308759249,4
task_b,15486,1979123055497712,3
task_b,15505,4276130089077271,4
task_b,15518,1941609109249107,2
task_b,15528,4269294756427471,2
task_b,15529,4269288826428064,4
task_b,15532,516292571843919,2
task_b,15549,988187108001036,2
task_b,15560,4256269537729993,5
task_b,15566,511831242290052,3
task_b,15569,1911559348920750,3
task_b,15570,1910404965702855,4
task_b,15576,986220088197738,3
task_b,15586,4246199142070366,5
task_b,15600,1897820310294654,5
task_b,15616,4223298684360412,2
task_b,15617,4223292601027687,2
task_b,15618,4220184014671879,5
task_b,15621,492977924175384,4
task_b,15639,4198486996841581,5
task_b,15650,462573927215784,3
task_b,15658,454384088034768,2
task_b,15669,1875901239153228,1
task_b,15672,441820772624433,5
task_b,15681,1865371853539500,3
task_b,15707,4182492671774347,4
task_b,15715,4182502995106648,5
task_b,15736,4183303091693305,1
task_b,15746,1755136794563007,3
task_b,15755,4161359227221025,1
task_b,15765,1744662228943797,2
task_b,15773,417636311709546,3
task_b,15798,1727981157278571,1
task_b,15811,1719719464771407,3
task_b,15823,1712419425501411,2
task_b,15832,4086764284680520,4
task_b,15837,4086958637994418,1
task_b,15845,1695386610538026,5
task_b,15891,4054159034607712,4
task_b,15898,1659964967413524,3
task_b,15902,4049432795080336,5
task_b,15908,1648052551938099,2
task_b,15913,4032602246763391,1
task_b,15921,4016642788359337,4
task_b,15931,4011450102211939,2
task_b,15935,1631258236950864,5
task_b,15944,1629900563753298,2
task_b,15952,1613427522067269,5
task_b,15955,3987985984558351,2
task_b,15970,1608892222520799,2
task_b,15982,3962872137069736,1
task_b,15986,3961084050581878,2
task_b,15987,3952198148137135,5
task_b,15994,3944572498899700,4
task_b,15997,1597138153696206,1
task_b,16000,3944459945577622,5
task_b,16012,1589356781141010,5
task_b,16024,1582498608493494,4
task_b,16026,3901208369902780,3
task_b,16033,1581455078597847,2
task_b,16038,1576774379065917,2
task_b,16039,1573959322680756,2
task_b,16054,1568757139867641,4
task_b,16066,1550488465027842,1
task_b,16072,1546868742056481,5
task_b,16092,1542865095790179,2
task_b,16097,1541153719294650,2
task_b,16111,3826278367395781,3
task_b,16113,1530687463674609,3
task_b,16128,3813008162056135,4
task_b,16129,3809550619068556,4
task_b,16132,1517425655000790,2
task_b,16159,3767383089951976,2
task_b,16179,3750813721608913,1
task_b,16200,1479515005458522,3
task_b,16226,3706605009363118,2
task_b,16236,1474576972618992,3
task_b,16246,3674716709218615,1
task_b,16249,1471551299588226,4
task_b,16251,3671627676194185,5
task_b,16258,1460248434051846,3
task_b,16279,1452015378208485,1
task_b,16296,1432373350172688,3
task_b,16304,3610466208976999,2
task_b,16318,3586104921413128,5
task_b,16330,3582478368442450,1
task_b,16361,1381137298629627,5
task_b,16378,1370719813004709,4
task_b,16383,1365244490218908,3
task_b,16388,3489097914447163,3
task_b,16399,1344657535610937,2
task_b,16402,1342697312473626,5
task_b,16406,3479233142100307,2
task_b,16419,3468484636508491,5
task_b,16421,1330796486997042,2
task_b,16442,1317304775012880,5
task_b,16455,1309321029144588,3
task_b,16477,3354140997942856,3
task_b,16493,1287137021362989,4
task_b,16503,1282777398465618,3
task_b,16504,3324079197615703,3
task_b,16512,3311992542157702,2
task_b,16518,3306084169415206,1
task_b,16538,3288001977890092,5
task_b,16547,1249026255174066,3
task_b,16550,3269371696419787,2
task_b,16559,3256026184421005,2
task_b,16610,3209308462426111,1
task_b,16615,1192066507536708,5
task_b,16634,3184126458277645,5
task_b,16641,1177573552319337,3
task_b,16645,3176995725657385,4
task_b,16649,1173460619397297,4
task_b,16678,1149816005095092,4
task_b,16696,1141129325963760,5
task_b,16714,3129561683734123,4
task_b,16715,3129527940404164,4
task_b,16741,3105531389470486,2
task_b,16742,3103098266380465,5
task_b,16745,1100229430053750,2
task_b,16764,1085192151557478,2
task_b,16775,1079292645480762,1
task_b,16778,3074118792611746,1
task_b,16783,1068783676531659,1
task_b,16786,1067069960036364,3
task_b,16799,1044614745615219,4
task_b,16860,1033537430056284,2
task_b,16864,2956766764346950,2
task_b,16871,2950811904942436,2
task_b,16906,1015100558566638,2
task_b,16913,1012703812139646,4
task_b,16916,2866304276726533,5
task_b,16920,1010260205717340,4
task_b,16941,999736770103017,5
task_b,16943,2829965893693705,1
task_b,16961,2790315954325366,1
task_b,16966,2787478641275764,4
task_b,16972,982146291862065,2
task_b,16976,980747955335232,2
task_b,16978,2742101039146858,2
task_b,16983,976415342435160,3
task_b,16988,975029072573787,4
task_b,16992,974504722626222,2
task_b,16999,970245869718774,4
task_b,17001,969273196482708,2
task_b,17004,2695300117160284,2
task_b,17005,969269786483049,2
task_b,17019,2672043312819298,2
task_b,17021,962979687112059,2
task_b,17022,963472953729399,1
task_b,17049,2639522149404748,5
task_b,17054,957670574309637,4
task_b,17075,952051461538215,4
task_b,17096,943885605688134,2
task_b,17101,2587258034631160,4
task_b,17102,940907209319307,2
task_b,17107,2578497002173930,4
task_b,17132,2561260340564263,3
task_b,17137,925779434165418,4
task_b,17139,2550755298281434,2
task_b,17155,2528516407171990,2
task_b,17168,2525008007522830,1
task_b,17180,2504257802931184,2
task_b,17198,2488918467798451,1
task_b,17200,2487479011275730,1
task_b,17213,2480377711985860,5
task_b,17217,898308486912513,5
task_b,17223,895682960508399,3
task_b,17232,892665460810149,5
task_b,17241,888363567907005,3
task_b,17246,886730894736939,1
task_b,17273,853950288015000,5
task_b,17277,2430352406988391,2
task_b,17290,2418546404835658,2
task_b,17300,853443328065696,5
task_b,17308,850015738408455,4
task_b,17335,2362875800402719,2
task_b,17368,2339158926107740,4
task_b,17391,2314250591931907,3
task_b,17392,2312864005403899,4
task_b,17400,2309900489033584,3
task_b,17422,2278919798798320,3
task_b,17440,2258375280852772,5
task_b,17456,753810291362334,1
task_b,17477,747640371979326,1
task_b,17482,2182637198426581,5
task_b,17491,736729773070386,5
task_b,17496,2168038153219819,5
task_b,17515,723133517763345,4
task_b,17521,719217288154968,3
task_b,17526,2137211386302496,3
task_b,17535,2133418616681773,3
task_b,17556,703555673054463,2
task_b,17580,2095868067103495,3
task_b,17603,680269402049757,4
task_b,17618,669094486500582,4
task_b,17625,667260066684024,3
task_b,17629,661308067279224,1
task_b,17637,654644631278901,4
task_b,17642,656765251066839,3
task_b,17650,654006814676016,5
task_b,17657,644100595666638,2
task_b,17658,643695082373856,3
task_b,17685,630569890353042,4
task_b,17688,1985462018144101,5
task_b,17690,629426403800724,3
task_b,17694,1960404113983225,3
task_b,17719,1913376152019355,5
task_b,17724,10202943327240608,4
task_b,17733,1907050202651950,2
task_b,17750,1893053477384956,1
task_b,17770,1866045683419069,3
task_b,17772,1864967616860209,4
task_b,17788,1846500908706880,4
task_b,17791,1843135745710063,5
task_b,17795,1841656532524651,2
task_b,17830,1788560584500913,1
task_b,17859,1750620468294925,5
task_b,17862,1743426745680964,5
task_b,17893,1698048093552163,1
task_b,17923,1664267890263517,3
task_b,17925,1665151060175200,2
task_b,17938,1653278924695747,2
task_b,17940,1650360561654250,3
task_b,17943,1645768382113468,3
task_b,17961,1625072294183077,1
task_b,17967,1617400811616892,5
task_b,17975,1606291092727864,5
task_b,17982,1596130947077212,5
task_b,17990,1583040675052906,5
task_b,17994,1577724575584516,1
task_b,18000,1570007589689548,2
task_b,18006,1561749640515343,5
task_b,18017,1548168365206804,4
task_b,18018,1548163771873930,4
task_b,18034,1528649693825338,5
task_b,18048,1512802122076762,3
task_b,18050,1510484342308540,4
task_b,18051,1508782382478736,5
task_b,18069,1485384904818484,1
task_b,18073,1480892341934407,5
task_b,18074,1481151641908477,3
task_b,18097,1464111426945832,4
task_b,18114,1456912860999022,1
task_b,18122,1449097821780526,1
task_b,18153,1412477825442526,4
task_b,18156,1407400992616876,2
task_b,18188,1375137825843193,3
task_b,18214,1356958910994418,4
task_b,18215,1356935114330131,5
task_b,18235,1341542989202677,1
task_b,18240,1338919832798326,4
task_b,18243,1335955343094775,1
task_b,18244,1335033629853613,1
task_b,18248,1330084160348560,4
task_b,18249,1330081283682181,1
task_b,18251,1325549974135312,2
task_b,18284,1317102491646727,3
task_b,18287,1315533541803622,1
task_b,18330,1278997945457182,4
task_b,18344,1269887246368252,5
task_b,18420,1178146495542328,4
task_b,18421,1176424732381171,4
task_b,18425,1176359875720990,1
task_b,18428,1166500583373586,2
task_b,18441,1138446632845648,4
task_b,18450,1122174317806213,4
task_b,18457,1120649951291983,4
task_b,18466,1112521382104840,4
task_b,18482,1100742793282699,3
task_b,18493,1084492111574434,4
task_b,18500,1069706039719708,3
task_b,18515,1057722490918063,2
task_b,18533,1044057022284610,2
task_b,18541,1036081569748822,4
task_b,18545,1033277840029195,5
task_b,18548,1032399463450366,2
task_b,18549,1029792073711105,3
task_b,18551,1027141730642806,3
task_b,18557,1022617994428513,4
task_b,18560,1020975244592788,2
task_b,18569,1005912059432440,2
task_b,18577,994659493891030,4
task_b,18578,994022593954720,1
task_b,18584,988562444500735,3
task_b,18593,982532571770389,3
task_b,18602,976806475676332,1
task_b,18611,968062856550694,5
task_b,18613,966194440070869,3
task_b,18637,953619644661682,4
task_b,18652,936859503004363,4
task_b,18654,936397626383884,2
task_b,18659,935980346425612,2
task_b,18729,893135917376722,1
task_b,18757,868329303190717,5
task_b,18763,866832130007101,4
task_b,18769,861414077215573,1
task_b,18798,852702344753413,3
task_b,18801,850649588292022,2
task_b,18814,847139055309742,3
task_b,18825,842060435817604,1
task_b,18832,838487726174875,5
task_b,18853,829961297027518,3
task_b,18854,829426803747634,4
task_b,18857,827561503934164,5
task_b,18859,826898294000485,2
task_b,18861,826414180715563,2
task_b,18881,820646871292294,4
task_b,18884,819705664719748,1
task_b,18888,818617961495185,5
task_b,18889,817206124969702,5
task_b,18892,816417945048520,1
task_b,18924,805423906147924,3
task_b,18940,800984503258531,2
task_b,18946,798209600202688,3
task_b,18956,794551453901836,2
task_b,18962,792487640774884,5
task_b,18972,789220681101580,1
task_b,18987,783392398351075,4
task_b,18999,779591432064505,2
task_b,19005,778193808870934,1
task_b,19010,776103125746669,2
task_b,19012,775998399090475,5
task_b,19018,774582539232061,4
task_b,19023,772075992816049,4
task_b,19029,769504049739910,2
task_b,19031,768898353133813,5
task_b,19051,760609563962692,3
task_b,19052,760134667343515,2
task_b,19060,757072220983093,5
task_b,19094,740430162647299,3
task_b,19095,740403672649948,3
task_b,19098,738998206123828,3
task_b,19103,736484273041888,5
task_b,19109,734050839951898,2
task_b,19111,733121120044870,4
task_b,19114,730653503624965,5
task_b,19120,727961223894193,3
task_b,19125,726648270692155,4
task_b,19128,724800277543621,3
task_b,19155,714620071894975,1
task_b,19185,596692793745764,1
task_b,19209,695357583821224,5
task_b,19220,692167340806915,5
task_b,19225,688309694526013,4
task_b,19248,677177115639271,2
task_b,19253,674648175892165,1
task_b,19260,672224456134537,1
task_b,19265,669682783055371,5
task_b,19267,668792456477737,5
task_b,19274,664560186900964,4
task_b,19292,655152901175026,3
task_b,19293,653491244674525,5
task_b,19319,639511592739157,4
task_b,19322,637069062983410,5
task_b,19331,628131023877214,2
task_b,19346,615859241771059,4
task_b,19367,601013733255610,4
task_b,19381,591711584185825,1
task_b,19384,586629698027347,2
task_b,19406,575794142444236,5
task_b,19408,574976412526009,1
task_b,19411,574525332571117,1
task_b,19429,555601154463535,1
task_b,19438,545728638784120,1
task_b,19450,199293090213754,3
task_b,19458,458169227570444,4
task_b,19465,385173581575199,3
task_b,19469,519255138098137,4
task_b,19474,300765656710875,1
task_b,19487,508883042468680,3
task_b,19496,416449181761878,1
task_b,19499,498292710194380,2
task_b,19504,492829254074059,3
task_b,19510,487014821322169,3
task_b,19511,486593024697682,1
task_b,19529,110475335770021,1
task_b,19531,465615783462073,5
task_b,19537,250139688441074,1
task_b,19546,370727126334045,5
task_b,19579,432887343401584,3
task_b,19581,124899237642240,5
task_b,19584,249518688485321,2
task_b,19587,426404624049856,5
task_b,19594,420824447941207,1
task_b,19599,143068152493698,4
task_b,19624,279237922171183,1
task_b,19636,260970657331765,5
task_b,19650,145633082229964,3
task_b,19653,173162749471393,5
task_b,19654,380723051951347,3
task_b,19662,376742682349384,5
task_b,19666,376166972406955,5
task_b,19675,177545619028590,3
task_b,19676,381611608530381,2
task_b,19692,142725185850463,1
task_b,19694,238727909555004,3
task_b,19697,221223574642849,4
task_b,19698,362217903801862,2
task_b,19708,387619011264720,5
task_b,19711,228927903863051,2
task_b,19720,342602789096707,2
task_b,19723,341716842518635,3
task_b,19725,340978265925826,2
task_b,19727,226129204140314,1
task_b,19734,336716933018626,3
task_b,19735,277523508977554,3
task_b,19763,302852416417132,1
task_b,19765,326670654023254,5
task_b,19766,265942050136045,1
task_b,19768,324798934210426,1
task_b,19773,323539377669715,1
task_b,19778,319642734726046,2
task_b,19790,311929025497417,5
task_b,19833,290390734317913,2
task_b,19839,288805144476472,3
task_b,19843,286967487993571,4
task_b,19855,282834428406877,3
task_b,19869,298015120225602,4
task_b,19874,257197367649860,5
task_b,19878,270874579602862,5
task_b,19880,270350626321924,1
task_b,19883,266669336690053,5
task_b,19912,236613519695635,3
task_b,19913,235573419799645,5
task_b,19919,227414277282226,3
task_b,19952,215134458510208,3
task_b,19958,213106658712988,1
task_b,19979,206476069376047,1
